MIN_NUM_WORKERS,aggregation_algorithm,batch_size,best_acc,best_f1,best_loss,best_prec,best_recall,best_round,convnet_hidden1,convnet_hidden2,dataframe_path,dataset_name,dataset_path,device,early_stop_patience,encryption_mode,fedprox_mu,global_epoch,image_size,learning_rate,local_epoch,log_dir,model_name,models_percentage,num_classes,num_clients,num_custom_layers,plot_dir,splitting_dir,total_duration,weighted_aggregation,worker_id
2,FedAvg,16,0.8827433628318584,0.8826389142818396,0.28937131733493465,0.8828635885329728,0.8827433628318584,0,-1,-1,csv_DESKTOP-APC2VEU\runs\20260827-125046_road_signs_binary_worker_0.csv,road_signs_binary,dataset/road_signs_binary,cpu,5,no_encryption,0.0,1,224,0.001,1,logs_DESKTOP-APC2VEU\road_signs_binary_run_0_ResNet18,ResNet18,1,2,2,2,static/plots_DESKTOP-APC2VEU\road_signs_binary_run_0_ResNet18,run_dataset_DESKTOP-APC2VEU\road_signs_binary_run_0_ResNet18,120.24967288970947,True,0
"BLOCCO 1 - in chiaro. 108 run: 2 modelli x 2 profondita' di head x 3 algoritmi x 3 learning rate x 3 configurazioni di client. Risponde a: quale backbone, quale profondita', quale algoritmo, quanti client. Condivide base_csv_path con il blocco 2, quindi la deduplica per fingerprint funziona fra i due.",FedAvg,16,0.5786516853932584,0.4242072853772642,0.680724457408605,0.3348377730084585,0.5786516853932584,1,-1,-1,csv_DESKTOP-APC2VEU\runs\20260827-182701_road_signs_binary_worker_0.csv,road_signs_binary,dataset/road_signs_binary,cuda,5,no_encryption,0.0,20,224,0.01,3,logs_DESKTOP-APC2VEU\road_signs_binary_run_0_ResNet18,ResNet18,1,2,4,4,static/plots_DESKTOP-APC2VEU\road_signs_binary_run_0_ResNet18,run_dataset_DESKTOP-APC2VEU\road_signs_binary_run_0_ResNet18,675.2727108001709,True,0
"BLOCCO 1 - in chiaro. 108 run: 2 modelli x 2 profondita' di head x 3 algoritmi x 3 learning rate x 3 configurazioni di client. Risponde a: quale backbone, quale profondita', quale algoritmo, quanti client. Condivide base_csv_path con il blocco 2, quindi la deduplica per fingerprint funziona fra i due.",FedAvg,16,0.9002808988764045,0.900591505057567,0.26516706856448996,0.9033597547078709,0.9002808988764045,10,-1,-1,csv_DESKTOP-APC2VEU\runs\20260827-182715_road_signs_binary_worker_1.csv,road_signs_binary,dataset/road_signs_binary,cuda,5,no_encryption,0.0,20,224,0.01,3,logs_DESKTOP-APC2VEU\road_signs_binary_run_1_ResNet18,ResNet18,1,2,4,2,static/plots_DESKTOP-APC2VEU\road_signs_binary_run_1_ResNet18,run_dataset_DESKTOP-APC2VEU\road_signs_binary_run_1_ResNet18,689.149777173996,True,1
4,FedProx,16,0.8932584269662921,0.8922231215831455,0.2711136206772618,0.8955333623470799,0.8932584269662921,19,-1,-1,csv_DESKTOP-APC2VEU\runs\20260827-190030_road_signs_binary_worker_0.csv,road_signs_binary,dataset/road_signs_binary,cuda,5,no_encryption,0.05,20,224,0.01,3,logs_DESKTOP-APC2VEU\road_signs_binary_run_0_ResNet18,ResNet18,1,2,4,2,static/plots_DESKTOP-APC2VEU\road_signs_binary_run_0_ResNet18,run_dataset_DESKTOP-APC2VEU\road_signs_binary_run_0_ResNet18,315.45426535606384,True,0
4,FedLC,16,0.9073033707865169,0.9073284238088298,0.3185956299807248,0.907670780126794,0.9073033707865169,11,-1,-1,csv_DESKTOP-APC2VEU\runs\20260827-190813_road_signs_binary_worker_0.csv,road_signs_binary,dataset/road_signs_binary,cuda,5,no_encryption,0.0,20,224,0.01,3,logs_DESKTOP-APC2VEU\road_signs_binary_run_0_ResNet18,ResNet18,1,2,4,2,static/plots_DESKTOP-APC2VEU\road_signs_binary_run_0_ResNet18,run_dataset_DESKTOP-APC2VEU\road_signs_binary_run_0_ResNet18,325.8216288089752,True,0
4,FedLC,16,0.5786516853932584,0.4242072853772642,0.6809701919555664,0.3348377730084585,0.5786516853932584,1,-1,-1,csv_DESKTOP-APC2VEU\runs\20260828-113609_road_signs_binary_worker_1.csv,road_signs_binary,dataset/road_signs_binary,cuda,5,no_encryption,0.0,20,224,0.01,3,logs_DESKTOP-APC2VEU\road_signs_binary_run_1_ResNet18,ResNet18,1,2,4,4,static/plots_DESKTOP-APC2VEU\road_signs_binary_run_1_ResNet18,run_dataset_DESKTOP-APC2VEU\road_signs_binary_run_1_ResNet18,339.5662851333618,True,1
4,FedProx,16,0.8876404494382022,0.8861033610775108,0.3035601672985894,0.8918688274374502,0.8876404494382022,16,-1,-1,csv_DESKTOP-APC2VEU\runs\20260828-113631_road_signs_binary_worker_0.csv,road_signs_binary,dataset/road_signs_binary,cuda,5,no_encryption,0.05,20,224,0.01,3,logs_DESKTOP-APC2VEU\road_signs_binary_run_0_ResNet18,ResNet18,1,2,4,4,static/plots_DESKTOP-APC2VEU\road_signs_binary_run_0_ResNet18,run_dataset_DESKTOP-APC2VEU\road_signs_binary_run_0_ResNet18,361.6067237854004,True,0
4,FedAvg,16,0.9452247191011236,0.9452204433028503,0.1912601585669987,0.9453230833635801,0.9452247191011236,19,-1,-1,csv_DESKTOP-APC2VEU\runs\20260828-114130_road_signs_binary_worker_1.csv,road_signs_binary,dataset/road_signs_binary,cuda,5,no_encryption,0.0,20,224,0.001,3,logs_DESKTOP-APC2VEU\road_signs_binary_run_1_ResNet18,ResNet18,1,2,4,2,static/plots_DESKTOP-APC2VEU\road_signs_binary_run_1_ResNet18,run_dataset_DESKTOP-APC2VEU\road_signs_binary_run_1_ResNet18,317.88678097724915,True,1
4,FedAvg,16,0.9367977528089888,0.9368126276825013,0.22453672688956675,0.9368726604416416,0.9367977528089888,16,-1,-1,csv_DESKTOP-APC2VEU\runs\20260828-114204_road_signs_binary_worker_0.csv,road_signs_binary,dataset/road_signs_binary,cuda,5,no_encryption,0.0,20,224,0.001,3,logs_DESKTOP-APC2VEU\road_signs_binary_run_0_ResNet18,ResNet18,1,2,4,4,static/plots_DESKTOP-APC2VEU\road_signs_binary_run_0_ResNet18,run_dataset_DESKTOP-APC2VEU\road_signs_binary_run_0_ResNet18,329.8125102519989,True,0
4,FedProx,16,0.9353932584269663,0.935330011803495,0.19517038179707996,0.9355691329305644,0.9353932584269663,19,-1,-1,csv_DESKTOP-APC2VEU\runs\20260828-114724_road_signs_binary_worker_1.csv,road_signs_binary,dataset/road_signs_binary,cuda,5,no_encryption,0.05,20,224,0.001,3,logs_DESKTOP-APC2VEU\road_signs_binary_run_1_ResNet18,ResNet18,1,2,4,2,static/plots_DESKTOP-APC2VEU\road_signs_binary_run_1_ResNet18,run_dataset_DESKTOP-APC2VEU\road_signs_binary_run_1_ResNet18,350.29231548309326,True,1
4,FedProx,16,0.925561797752809,0.9256570381504383,0.20995821346256757,0.9264929324995111,0.925561797752809,18,-1,-1,csv_DESKTOP-APC2VEU\runs\20260828-114822_road_signs_binary_worker_0.csv,road_signs_binary,dataset/road_signs_binary,cuda,5,no_encryption,0.05,20,224,0.001,3,logs_DESKTOP-APC2VEU\road_signs_binary_run_0_ResNet18,ResNet18,1,2,4,4,static/plots_DESKTOP-APC2VEU\road_signs_binary_run_0_ResNet18,run_dataset_DESKTOP-APC2VEU\road_signs_binary_run_0_ResNet18,374.32958126068115,True,0
4,FedLC,16,0.9353932584269663,0.9353205993088941,0.1951157999829274,0.9353377115353797,0.9353932584269663,17,-1,-1,csv_DESKTOP-APC2VEU\runs\20260828-115317_road_signs_binary_worker_1.csv,road_signs_binary,dataset/road_signs_binary,cuda,5,no_encryption,0.0,20,224,0.001,3,logs_DESKTOP-APC2VEU\road_signs_binary_run_1_ResNet18,ResNet18,1,2,4,2,static/plots_DESKTOP-APC2VEU\road_signs_binary_run_1_ResNet18,run_dataset_DESKTOP-APC2VEU\road_signs_binary_run_1_ResNet18,350.44014596939087,True,1
4,FedLC,16,0.9339887640449438,0.9340681884791039,0.20329606202378703,0.934280742154194,0.9339887640449438,19,-1,-1,csv_DESKTOP-APC2VEU\runs\20260828-115432_road_signs_binary_worker_0.csv,road_signs_binary,dataset/road_signs_binary,cuda,5,no_encryption,0.0,20,224,0.001,3,logs_DESKTOP-APC2VEU\road_signs_binary_run_0_ResNet18,ResNet18,1,2,4,4,static/plots_DESKTOP-APC2VEU\road_signs_binary_run_0_ResNet18,run_dataset_DESKTOP-APC2VEU\road_signs_binary_run_0_ResNet18,367.70747351646423,True,0
4,FedAvg,16,0.9339887640449438,0.9339832459771502,0.1968234079324881,0.9342637587375178,0.9339887640449438,19,-1,-1,csv_DESKTOP-APC2VEU\runs\20260828-115853_road_signs_binary_worker_1.csv,road_signs_binary,dataset/road_signs_binary,cuda,5,no_encryption,0.0,20,224,0.0001,3,logs_DESKTOP-APC2VEU\road_signs_binary_run_1_ResNet18,ResNet18,1,2,4,2,static/plots_DESKTOP-APC2VEU\road_signs_binary_run_1_ResNet18,run_dataset_DESKTOP-APC2VEU\road_signs_binary_run_1_ResNet18,332.5703835487366,True,1
4,FedAvg,16,0.9311797752808989,0.9312243149880068,0.20303497303360968,0.9314303512486802,0.9311797752808989,16,-1,-1,csv_DESKTOP-APC2VEU\runs\20260828-120023_road_signs_binary_worker_0.csv,road_signs_binary,dataset/road_signs_binary,cuda,5,no_encryption,0.0,20,224,0.0001,3,logs_DESKTOP-APC2VEU\road_signs_binary_run_0_ResNet18,ResNet18,1,2,4,4,static/plots_DESKTOP-APC2VEU\road_signs_binary_run_0_ResNet18,run_dataset_DESKTOP-APC2VEU\road_signs_binary_run_0_ResNet18,347.36572766304016,True,0
4,FedProx,16,0.925561797752809,0.9255510588631172,0.215648062992841,0.9260585289740952,0.925561797752809,19,-1,-1,csv_DESKTOP-APC2VEU\runs\20260828-120450_road_signs_binary_worker_1.csv,road_signs_binary,dataset/road_signs_binary,cuda,5,no_encryption,0.05,20,224,0.0001,3,logs_DESKTOP-APC2VEU\road_signs_binary_run_1_ResNet18,ResNet18,1,2,4,2,static/plots_DESKTOP-APC2VEU\road_signs_binary_run_1_ResNet18,run_dataset_DESKTOP-APC2VEU\road_signs_binary_run_1_ResNet18,353.8236632347107,True,1
4,FedProx,16,0.9241573033707865,0.9240699777621638,0.21814755062583122,0.9242506491328989,0.9241573033707865,18,-1,-1,csv_DESKTOP-APC2VEU\runs\20260828-120644_road_signs_binary_worker_0.csv,road_signs_binary,dataset/road_signs_binary,cuda,5,no_encryption,0.05,20,224,0.0001,3,logs_DESKTOP-APC2VEU\road_signs_binary_run_0_ResNet18,ResNet18,1,2,4,4,static/plots_DESKTOP-APC2VEU\road_signs_binary_run_0_ResNet18,run_dataset_DESKTOP-APC2VEU\road_signs_binary_run_0_ResNet18,378.3034484386444,True,0
4,FedLC,16,0.9241573033707865,0.9240045038274357,0.21769495512453024,0.9249722719717536,0.9241573033707865,12,-1,-1,csv_DESKTOP-APC2VEU\runs\20260828-121047_road_signs_binary_worker_1.csv,road_signs_binary,dataset/road_signs_binary,cuda,5,no_encryption,0.0,20,224,0.0001,3,logs_DESKTOP-APC2VEU\road_signs_binary_run_1_ResNet18,ResNet18,1,2,4,2,static/plots_DESKTOP-APC2VEU\road_signs_binary_run_1_ResNet18,run_dataset_DESKTOP-APC2VEU\road_signs_binary_run_1_ResNet18,353.9486086368561,True,1
4,FedLC,16,0.9297752808988764,0.9297839134531016,0.2086246769974699,0.9298811823772887,0.9297752808988764,13,-1,-1,csv_DESKTOP-APC2VEU\runs\20260828-121254_road_signs_binary_worker_0.csv,road_signs_binary,dataset/road_signs_binary,cuda,5,no_encryption,0.0,20,224,0.0001,3,logs_DESKTOP-APC2VEU\road_signs_binary_run_0_ResNet18,ResNet18,1,2,4,4,static/plots_DESKTOP-APC2VEU\road_signs_binary_run_0_ResNet18,run_dataset_DESKTOP-APC2VEU\road_signs_binary_run_0_ResNet18,366.7498948574066,True,0
8,FedAvg,16,0.5842696629213483,0.4309506733604271,0.679019155796994,0.341371039010226,0.5842696629213483,1,-1,-1,csv_DESKTOP-APC2VEU\runs\20260828-121836_road_signs_binary_worker_1.csv,road_signs_binary,dataset/road_signs_binary,cuda,5,no_encryption,0.0,20,224,0.01,3,logs_DESKTOP-APC2VEU\road_signs_binary_run_1_ResNet18,ResNet18,1,2,8,2,static/plots_DESKTOP-APC2VEU\road_signs_binary_run_1_ResNet18,run_dataset_DESKTOP-APC2VEU\road_signs_binary_run_1_ResNet18,465.58971905708313,True,1
8,FedAvg,16,0.5842696629213483,0.4309506733604271,0.6796724340888891,0.341371039010226,0.5842696629213483,1,-1,-1,csv_DESKTOP-APC2VEU\runs\20260828-122117_road_signs_binary_worker_0.csv,road_signs_binary,dataset/road_signs_binary,cuda,5,no_encryption,0.0,20,224,0.01,3,logs_DESKTOP-APC2VEU\road_signs_binary_run_0_ResNet18,ResNet18,1,2,8,4,static/plots_DESKTOP-APC2VEU\road_signs_binary_run_0_ResNet18,run_dataset_DESKTOP-APC2VEU\road_signs_binary_run_0_ResNet18,499.41535806655884,True,0
8,FedProx,16,0.8820224719101124,0.8825566377161409,0.2993589806464616,0.8927655784951263,0.8820224719101124,9,-1,-1,csv_DESKTOP-APC2VEU\runs\20260828-122657_road_signs_binary_worker_1.csv,road_signs_binary,dataset/road_signs_binary,cuda,5,no_encryption,0.05,20,224,0.01,3,logs_DESKTOP-APC2VEU\road_signs_binary_run_1_ResNet18,ResNet18,1,2,8,2,static/plots_DESKTOP-APC2VEU\road_signs_binary_run_1_ResNet18,run_dataset_DESKTOP-APC2VEU\road_signs_binary_run_1_ResNet18,498.7024688720703,True,1
8,FedProx,16,0.9002808988764045,0.900485887168741,0.44560115838821013,0.9052470634609826,0.9002808988764045,6,-1,-1,csv_DESKTOP-APC2VEU\runs\20260828-123029_road_signs_binary_worker_0.csv,road_signs_binary,dataset/road_signs_binary,cuda,5,no_encryption,0.05,20,224,0.01,3,logs_DESKTOP-APC2VEU\road_signs_binary_run_0_ResNet18,ResNet18,1,2,8,4,static/plots_DESKTOP-APC2VEU\road_signs_binary_run_0_ResNet18,run_dataset_DESKTOP-APC2VEU\road_signs_binary_run_0_ResNet18,549.4606189727783,True,0
8,FedLC,16,0.9002808988764045,0.9007388306917677,0.3978775854358512,0.906969759934506,0.9002808988764045,11,-1,-1,csv_DESKTOP-APC2VEU\runs\20260828-123542_road_signs_binary_worker_1.csv,road_signs_binary,dataset/road_signs_binary,cuda,5,no_encryption,0.0,20,224,0.01,3,logs_DESKTOP-APC2VEU\road_signs_binary_run_1_ResNet18,ResNet18,1,2,8,2,static/plots_DESKTOP-APC2VEU\road_signs_binary_run_1_ResNet18,run_dataset_DESKTOP-APC2VEU\road_signs_binary_run_1_ResNet18,521.2170987129211,True,1
8,FedLC,16,0.5842696629213483,0.4309506733604271,0.6799598550528623,0.341371039010226,0.5842696629213483,1,-1,-1,csv_DESKTOP-APC2VEU\runs\20260828-123944_road_signs_binary_worker_0.csv,road_signs_binary,dataset/road_signs_binary,cuda,5,no_encryption,0.0,20,224,0.01,3,logs_DESKTOP-APC2VEU\road_signs_binary_run_0_ResNet18,ResNet18,1,2,8,4,static/plots_DESKTOP-APC2VEU\road_signs_binary_run_0_ResNet18,run_dataset_DESKTOP-APC2VEU\road_signs_binary_run_0_ResNet18,551.4330503940582,True,0
8,FedAvg,16,0.9396067415730337,0.9395885781936211,0.17678264807909727,0.9407559924063461,0.9396067415730337,19,-1,-1,csv_DESKTOP-APC2VEU\runs\20260828-124453_road_signs_binary_worker_1.csv,road_signs_binary,dataset/road_signs_binary,cuda,5,no_encryption,0.0,20,224,0.001,3,logs_DESKTOP-APC2VEU\road_signs_binary_run_1_ResNet18,ResNet18,1,2,8,2,static/plots_DESKTOP-APC2VEU\road_signs_binary_run_1_ResNet18,run_dataset_DESKTOP-APC2VEU\road_signs_binary_run_1_ResNet18,547.972452878952,True,1
8,FedAvg,16,0.9171348314606742,0.9175170629641507,0.23310356039365523,0.9217956588327558,0.9171348314606742,18,-1,-1,csv_DESKTOP-APC2VEU\runs\20260828-124905_road_signs_binary_worker_0.csv,road_signs_binary,dataset/road_signs_binary,cuda,5,no_encryption,0.0,20,224,0.001,3,logs_DESKTOP-APC2VEU\road_signs_binary_run_0_ResNet18,ResNet18,1,2,8,4,static/plots_DESKTOP-APC2VEU\road_signs_binary_run_0_ResNet18,run_dataset_DESKTOP-APC2VEU\road_signs_binary_run_0_ResNet18,557.5478584766388,True,0
8,FedProx,16,0.9297752808988764,0.9299259801100499,0.19987028568009899,0.9310958610377774,0.9297752808988764,15,-1,-1,csv_DESKTOP-APC2VEU\runs\20260828-125452_road_signs_binary_worker_1.csv,road_signs_binary,dataset/road_signs_binary,cuda,5,no_encryption,0.05,20,224,0.001,3,logs_DESKTOP-APC2VEU\road_signs_binary_run_1_ResNet18,ResNet18,1,2,8,2,static/plots_DESKTOP-APC2VEU\road_signs_binary_run_1_ResNet18,run_dataset_DESKTOP-APC2VEU\road_signs_binary_run_1_ResNet18,596.3874485492706,True,1
8,FedProx,16,0.9297752808988764,0.9298922493953397,0.19736212898788744,0.931758401573762,0.9297752808988764,19,-1,-1,csv_DESKTOP-APC2VEU\runs\20260828-125923_road_signs_binary_worker_0.csv,road_signs_binary,dataset/road_signs_binary,cuda,5,no_encryption,0.05,20,224,0.001,3,logs_DESKTOP-APC2VEU\road_signs_binary_run_0_ResNet18,ResNet18,1,2,8,4,static/plots_DESKTOP-APC2VEU\road_signs_binary_run_0_ResNet18,run_dataset_DESKTOP-APC2VEU\road_signs_binary_run_0_ResNet18,615.4920148849487,True,0
8,FedLC,16,0.9353932584269663,0.9353619474632693,0.18324452276561368,0.9365460380576245,0.9353932584269663,19,-1,-1,csv_DESKTOP-APC2VEU\runs\20260828-130528_road_signs_binary_worker_1.csv,road_signs_binary,dataset/road_signs_binary,cuda,5,no_encryption,0.0,20,224,0.001,3,logs_DESKTOP-APC2VEU\road_signs_binary_run_1_ResNet18,ResNet18,1,2,8,2,static/plots_DESKTOP-APC2VEU\road_signs_binary_run_1_ResNet18,run_dataset_DESKTOP-APC2VEU\road_signs_binary_run_1_ResNet18,632.5450820922852,True,1
8,FedLC,16,0.9185393258426966,0.9188186815519499,0.23925464020602488,0.9219069319476996,0.9185393258426966,13,-1,-1,csv_DESKTOP-APC2VEU\runs\20260828-130940_road_signs_binary_worker_0.csv,road_signs_binary,dataset/road_signs_binary,cuda,5,no_encryption,0.0,20,224,0.001,3,logs_DESKTOP-APC2VEU\road_signs_binary_run_0_ResNet18,ResNet18,1,2,8,4,static/plots_DESKTOP-APC2VEU\road_signs_binary_run_0_ResNet18,run_dataset_DESKTOP-APC2VEU\road_signs_binary_run_0_ResNet18,613.794159412384,True,0
8,FedAvg,16,0.9213483146067416,0.9214876084054577,0.22299178945047132,0.9230429289401045,0.9213483146067416,19,-1,-1,csv_DESKTOP-APC2VEU\runs\20260828-131636_road_signs_binary_worker_1.csv,road_signs_binary,dataset/road_signs_binary,cuda,5,no_encryption,0.0,20,224,0.0001,3,logs_DESKTOP-APC2VEU\road_signs_binary_run_1_ResNet18,ResNet18,1,2,8,2,static/plots_DESKTOP-APC2VEU\road_signs_binary_run_1_ResNet18,run_dataset_DESKTOP-APC2VEU\road_signs_binary_run_1_ResNet18,665.2296645641327,True,1
8,FedAvg,16,0.925561797752809,0.9256325219149991,0.21959703750489803,0.9267467769603361,0.925561797752809,17,-1,-1,csv_DESKTOP-APC2VEU\runs\20260828-132028_road_signs_binary_worker_0.csv,road_signs_binary,dataset/road_signs_binary,cuda,5,no_encryption,0.0,20,224,0.0001,3,logs_DESKTOP-APC2VEU\road_signs_binary_run_0_ResNet18,ResNet18,1,2,8,4,static/plots_DESKTOP-APC2VEU\road_signs_binary_run_0_ResNet18,run_dataset_DESKTOP-APC2VEU\road_signs_binary_run_0_ResNet18,644.3171634674072,True,0
8,FedProx,16,0.9199438202247191,0.9199186009298573,0.21275933120881071,0.9209504590784355,0.9199438202247191,19,-1,-1,csv_DESKTOP-APC2VEU\runs\20260828-132916_road_signs_binary_worker_1.csv,road_signs_binary,dataset/road_signs_binary,cuda,5,no_encryption,0.05,20,224,0.0001,3,logs_DESKTOP-APC2VEU\road_signs_binary_run_1_ResNet18,ResNet18,1,2,8,2,static/plots_DESKTOP-APC2VEU\road_signs_binary_run_1_ResNet18,run_dataset_DESKTOP-APC2VEU\road_signs_binary_run_1_ResNet18,756.4053885936737,True,1
8,FedProx,16,0.9213483146067416,0.9214408098191398,0.22260238886339945,0.9231769390458235,0.9213483146067416,19,-1,-1,csv_DESKTOP-APC2VEU\runs\20260828-133227_road_signs_binary_worker_0.csv,road_signs_binary,dataset/road_signs_binary,cuda,5,no_encryption,0.05,20,224,0.0001,3,logs_DESKTOP-APC2VEU\road_signs_binary_run_0_ResNet18,ResNet18,1,2,8,4,static/plots_DESKTOP-APC2VEU\road_signs_binary_run_0_ResNet18,run_dataset_DESKTOP-APC2VEU\road_signs_binary_run_0_ResNet18,716.0849692821503,True,0
8,FedLC,16,0.925561797752809,0.9256333996901142,0.2251232421350027,0.927176851612917,0.925561797752809,15,-1,-1,csv_DESKTOP-APC2VEU\runs\20260828-134251_road_signs_binary_worker_1.csv,road_signs_binary,dataset/road_signs_binary,cuda,5,no_encryption,0.0,20,224,0.0001,3,logs_DESKTOP-APC2VEU\road_signs_binary_run_1_ResNet18,ResNet18,1,2,8,2,static/plots_DESKTOP-APC2VEU\road_signs_binary_run_1_ResNet18,run_dataset_DESKTOP-APC2VEU\road_signs_binary_run_1_ResNet18,812.120432138443,True,1
8,FedLC,16,0.925561797752809,0.9257340977407533,0.21644049968172827,0.9275748548414424,0.925561797752809,19,-1,-1,csv_DESKTOP-APC2VEU\runs\20260828-134303_road_signs_binary_worker_0.csv,road_signs_binary,dataset/road_signs_binary,cuda,5,no_encryption,0.0,20,224,0.0001,3,logs_DESKTOP-APC2VEU\road_signs_binary_run_0_ResNet18,ResNet18,1,2,8,4,static/plots_DESKTOP-APC2VEU\road_signs_binary_run_0_ResNet18,run_dataset_DESKTOP-APC2VEU\road_signs_binary_run_0_ResNet18,633.5056021213531,True,0
10,FedAvg,16,0.5774647887323944,0.4227867203219316,0.6867703434447168,0.33346558222574885,0.5774647887323944,0,-1,-1,csv_DESKTOP-APC2VEU\runs\20260828-135505_road_signs_binary_worker_0.csv,road_signs_binary,dataset/road_signs_binary,cuda,5,no_encryption,0.0,20,224,0.01,3,logs_DESKTOP-APC2VEU\road_signs_binary_run_0_ResNet18,ResNet18,1,2,10,4,static/plots_DESKTOP-APC2VEU\road_signs_binary_run_0_ResNet18,run_dataset_DESKTOP-APC2VEU\road_signs_binary_run_0_ResNet18,718.2097699642181,True,0
10,FedAvg,16,0.8915492957746479,0.891959286433318,0.28954081308673807,0.9046432791729276,0.8915492957746479,17,-1,-1,csv_DESKTOP-APC2VEU\runs\20260828-135632_road_signs_binary_worker_1.csv,road_signs_binary,dataset/road_signs_binary,cuda,5,no_encryption,0.0,20,224,0.01,3,logs_DESKTOP-APC2VEU\road_signs_binary_run_1_ResNet18,ResNet18,1,2,10,2,static/plots_DESKTOP-APC2VEU\road_signs_binary_run_1_ResNet18,run_dataset_DESKTOP-APC2VEU\road_signs_binary_run_1_ResNet18,817.5134980678558,True,1
10,FedProx,16,0.8985915492957747,0.8989680653002459,0.20141873287273124,0.9049991068726889,0.8985915492957747,17,-1,-1,csv_DESKTOP-APC2VEU\runs\20260828-140808_road_signs_binary_worker_0.csv,road_signs_binary,dataset/road_signs_binary,cuda,5,no_encryption,0.05,20,224,0.01,3,logs_DESKTOP-APC2VEU\road_signs_binary_run_0_ResNet18,ResNet18,1,2,10,2,static/plots_DESKTOP-APC2VEU\road_signs_binary_run_0_ResNet18,run_dataset_DESKTOP-APC2VEU\road_signs_binary_run_0_ResNet18,780.1392929553986,True,0
10,FedProx,16,0.9098591549295775,0.9090881146981211,0.39934270228718366,0.9117302477702084,0.9098591549295775,9,-1,-1,csv_DESKTOP-APC2VEU\runs\20260828-141336_road_signs_binary_worker_1.csv,road_signs_binary,dataset/road_signs_binary,cuda,5,no_encryption,0.05,20,224,0.01,3,logs_DESKTOP-APC2VEU\road_signs_binary_run_1_ResNet18,ResNet18,1,2,10,4,static/plots_DESKTOP-APC2VEU\road_signs_binary_run_1_ResNet18,run_dataset_DESKTOP-APC2VEU\road_signs_binary_run_1_ResNet18,1021.3146545886993,True,1
10,FedLC,16,0.9014084507042254,0.9017605237393772,0.3741793201003276,0.9082861678039788,0.9014084507042254,19,-1,-1,csv_DESKTOP-APC2VEU\runs\20260828-141738_road_signs_binary_worker_0.csv,road_signs_binary,dataset/road_signs_binary,cuda,5,no_encryption,0.0,20,224,0.01,3,logs_DESKTOP-APC2VEU\road_signs_binary_run_0_ResNet18,ResNet18,1,2,10,2,static/plots_DESKTOP-APC2VEU\road_signs_binary_run_0_ResNet18,run_dataset_DESKTOP-APC2VEU\road_signs_binary_run_0_ResNet18,567.0241112709045,True,0
10,FedLC,16,0.5774647887323944,0.4227867203219316,0.6812676737006281,0.33346558222574885,0.5774647887323944,1,-1,-1,csv_DESKTOP-APC2VEU\runs\20260828-143116_road_signs_binary_worker_1.csv,road_signs_binary,dataset/road_signs_binary,cuda,5,no_encryption,0.0,20,224,0.01,3,logs_DESKTOP-APC2VEU\road_signs_binary_run_1_ResNet18,ResNet18,1,2,10,4,static/plots_DESKTOP-APC2VEU\road_signs_binary_run_1_ResNet18,run_dataset_DESKTOP-APC2VEU\road_signs_binary_run_1_ResNet18,1056.2332406044006,True,1
10,FedAvg,16,0.9492957746478873,0.949349063189376,0.16033459916500978,0.9506867644195711,0.9492957746478873,18,-1,-1,csv_DESKTOP-APC2VEU\runs\20260828-143239_road_signs_binary_worker_0.csv,road_signs_binary,dataset/road_signs_binary,cuda,5,no_encryption,0.0,20,224,0.001,3,logs_DESKTOP-APC2VEU\road_signs_binary_run_0_ResNet18,ResNet18,1,2,10,2,static/plots_DESKTOP-APC2VEU\road_signs_binary_run_0_ResNet18,run_dataset_DESKTOP-APC2VEU\road_signs_binary_run_0_ResNet18,897.9506952762604,True,0
10,FedAvg,16,0.9323943661971831,0.9326555050474463,0.19707111777134345,0.9381407623740337,0.9323943661971831,18,-1,-1,csv_DESKTOP-APC2VEU\runs\20260828-144727_road_signs_binary_worker_1.csv,road_signs_binary,dataset/road_signs_binary,cuda,5,no_encryption,0.0,20,224,0.001,3,logs_DESKTOP-APC2VEU\road_signs_binary_run_1_ResNet18,ResNet18,1,2,10,4,static/plots_DESKTOP-APC2VEU\road_signs_binary_run_1_ResNet18,run_dataset_DESKTOP-APC2VEU\road_signs_binary_run_1_ResNet18,967.8442041873932,True,1
10,FedProx,16,0.9422535211267605,0.9424833876704719,0.16093311152407822,0.9467958585159438,0.9422535211267605,19,-1,-1,csv_DESKTOP-APC2VEU\runs\20260828-144856_road_signs_binary_worker_0.csv,road_signs_binary,dataset/road_signs_binary,cuda,5,no_encryption,0.05,20,224,0.001,3,logs_DESKTOP-APC2VEU\road_signs_binary_run_0_ResNet18,ResNet18,1,2,10,2,static/plots_DESKTOP-APC2VEU\road_signs_binary_run_0_ResNet18,run_dataset_DESKTOP-APC2VEU\road_signs_binary_run_0_ResNet18,973.4919049739838,True,0
10,FedLC,16,0.9464788732394366,0.9465493631371023,0.17881253664447389,0.9484227791049047,0.9464788732394366,10,-1,-1,csv_DESKTOP-APC2VEU\runs\20260828-150455_road_signs_binary_worker_0.csv,road_signs_binary,dataset/road_signs_binary,cuda,5,no_encryption,0.0,20,224,0.001,3,logs_DESKTOP-APC2VEU\road_signs_binary_run_0_ResNet18,ResNet18,1,2,10,2,static/plots_DESKTOP-APC2VEU\road_signs_binary_run_0_ResNet18,run_dataset_DESKTOP-APC2VEU\road_signs_binary_run_0_ResNet18,956.3186242580414,True,0
10,FedProx,16,0.9338028169014084,0.9340434464676355,0.1826786862240291,0.9380173391497788,0.9338028169014084,19,-1,-1,csv_DESKTOP-APC2VEU\runs\20260828-150735_road_signs_binary_worker_1.csv,road_signs_binary,dataset/road_signs_binary,cuda,5,no_encryption,0.05,20,224,0.001,3,logs_DESKTOP-APC2VEU\road_signs_binary_run_1_ResNet18,ResNet18,1,2,10,4,static/plots_DESKTOP-APC2VEU\road_signs_binary_run_1_ResNet18,run_dataset_DESKTOP-APC2VEU\road_signs_binary_run_1_ResNet18,1205.6004629135132,True,1
10,FedLC,16,0.9183098591549296,0.9186332236008907,0.20701754254774307,0.9267740160454894,0.9183098591549296,19,-1,-1,csv_DESKTOP-APC2VEU\runs\20260828-152319_road_signs_binary_worker_0.csv,road_signs_binary,dataset/road_signs_binary,cuda,5,no_encryption,0.0,20,224,0.001,3,logs_DESKTOP-APC2VEU\road_signs_binary_run_0_ResNet18,ResNet18,1,2,10,4,static/plots_DESKTOP-APC2VEU\road_signs_binary_run_0_ResNet18,run_dataset_DESKTOP-APC2VEU\road_signs_binary_run_0_ResNet18,1100.1259381771088,True,0
10,FedAvg,16,0.923943661971831,0.9240632165470533,0.20125099543849348,0.9262609526386363,0.923943661971831,13,-1,-1,csv_DESKTOP-APC2VEU\runs\20260828-152452_road_signs_binary_worker_1.csv,road_signs_binary,dataset/road_signs_binary,cuda,5,no_encryption,0.0,20,224,0.0001,3,logs_DESKTOP-APC2VEU\road_signs_binary_run_1_ResNet18,ResNet18,1,2,10,2,static/plots_DESKTOP-APC2VEU\road_signs_binary_run_1_ResNet18,run_dataset_DESKTOP-APC2VEU\road_signs_binary_run_1_ResNet18,1033.2532517910004,True,1
10,FedAvg,16,0.9225352112676056,0.9228300034021524,0.19489410831789736,0.9284519132584415,0.9225352112676056,18,-1,-1,csv_DESKTOP-APC2VEU\runs\20260828-153911_road_signs_binary_worker_0.csv,road_signs_binary,dataset/road_signs_binary,cuda,5,no_encryption,0.0,20,224,0.0001,3,logs_DESKTOP-APC2VEU\road_signs_binary_run_0_ResNet18,ResNet18,1,2,10,4,static/plots_DESKTOP-APC2VEU\road_signs_binary_run_0_ResNet18,run_dataset_DESKTOP-APC2VEU\road_signs_binary_run_0_ResNet18,949.7283511161804,True,0
10,FedProx,16,0.9154929577464789,0.9157112191823809,0.21103411555605037,0.9193471382250176,0.9154929577464789,13,-1,-1,csv_DESKTOP-APC2VEU\runs\20260828-154649_road_signs_binary_worker_1.csv,road_signs_binary,dataset/road_signs_binary,cuda,5,no_encryption,0.05,20,224,0.0001,3,logs_DESKTOP-APC2VEU\road_signs_binary_run_1_ResNet18,ResNet18,1,2,10,2,static/plots_DESKTOP-APC2VEU\road_signs_binary_run_1_ResNet18,run_dataset_DESKTOP-APC2VEU\road_signs_binary_run_1_ResNet18,1314.2315847873688,True,1
10,FedProx,16,0.9211267605633803,0.9213751459275192,0.19722023596855956,0.9243732831758745,0.9211267605633803,19,-1,-1,csv_DESKTOP-APC2VEU\runs\20260828-155904_road_signs_binary_worker_0.csv,road_signs_binary,dataset/road_signs_binary,cuda,5,no_encryption,0.05,20,224,0.0001,3,logs_DESKTOP-APC2VEU\road_signs_binary_run_0_ResNet18,ResNet18,1,2,10,4,static/plots_DESKTOP-APC2VEU\road_signs_binary_run_0_ResNet18,run_dataset_DESKTOP-APC2VEU\road_signs_binary_run_0_ResNet18,1189.6490972042084,True,0
10,FedLC,16,0.9169014084507042,0.9171104157977673,0.19994138192228028,0.9204236524505836,0.9169014084507042,15,-1,-1,csv_DESKTOP-APC2VEU\runs\20260828-160838_road_signs_binary_worker_1.csv,road_signs_binary,dataset/road_signs_binary,cuda,5,no_encryption,0.0,20,224,0.0001,3,logs_DESKTOP-APC2VEU\road_signs_binary_run_1_ResNet18,ResNet18,1,2,10,2,static/plots_DESKTOP-APC2VEU\road_signs_binary_run_1_ResNet18,run_dataset_DESKTOP-APC2VEU\road_signs_binary_run_1_ResNet18,1305.6994178295135,True,1
10,FedLC,16,0.9169014084507042,0.9171053374424523,0.19580808161482424,0.9226552504957041,0.9169014084507042,19,-1,-1,csv_DESKTOP-APC2VEU\runs\20260828-161854_road_signs_binary_worker_0.csv,road_signs_binary,dataset/road_signs_binary,cuda,5,no_encryption,0.0,20,224,0.0001,3,logs_DESKTOP-APC2VEU\road_signs_binary_run_0_ResNet18,ResNet18,1,2,10,4,static/plots_DESKTOP-APC2VEU\road_signs_binary_run_0_ResNet18,run_dataset_DESKTOP-APC2VEU\road_signs_binary_run_0_ResNet18,1186.6179194450378,True,0
4,FedAvg,16,0.9452247191011236,0.9452663099421899,0.5522738847728459,0.9459898224668025,0.9452247191011236,15,-1,-1,csv_DESKTOP-APC2VEU\runs\20260828-162720_road_signs_binary_worker_1.csv,road_signs_binary,dataset/road_signs_binary,cuda,5,no_encryption,0.0,20,224,0.01,3,logs_DESKTOP-APC2VEU\road_signs_binary_run_1_DeiT-Tiny,DeiT-Tiny,1,2,4,2,static/plots_DESKTOP-APC2VEU\road_signs_binary_run_1_DeiT-Tiny,run_dataset_DESKTOP-APC2VEU\road_signs_binary_run_1_DeiT-Tiny,1112.8201010227203,True,1
4,FedAvg,16,0.9143258426966292,0.9138799424107428,0.5280481669842527,0.9154482288578429,0.9143258426966292,3,-1,-1,csv_DESKTOP-APC2VEU\runs\20260828-163316_road_signs_binary_worker_0.csv,road_signs_binary,dataset/road_signs_binary,cuda,5,no_encryption,0.0,20,224,0.01,3,logs_DESKTOP-APC2VEU\road_signs_binary_run_0_DeiT-Tiny,DeiT-Tiny,1,2,4,4,static/plots_DESKTOP-APC2VEU\road_signs_binary_run_0_DeiT-Tiny,run_dataset_DESKTOP-APC2VEU\road_signs_binary_run_0_DeiT-Tiny,853.9815776348114,True,0
4,FedProx,16,0.9382022471910112,0.9380594757218388,0.1852284142625874,0.9388779490751331,0.9382022471910112,8,-1,-1,csv_DESKTOP-APC2VEU\runs\20260828-164319_road_signs_binary_worker_1.csv,road_signs_binary,dataset/road_signs_binary,cuda,5,no_encryption,0.05,20,224,0.01,3,logs_DESKTOP-APC2VEU\road_signs_binary_run_1_DeiT-Tiny,DeiT-Tiny,1,2,4,2,static/plots_DESKTOP-APC2VEU\road_signs_binary_run_1_DeiT-Tiny,run_dataset_DESKTOP-APC2VEU\road_signs_binary_run_1_DeiT-Tiny,836.5126440525055,True,1
4,FedProx,16,0.9466292134831461,0.9467072729094439,0.17561821713049508,0.9474770693148574,0.9466292134831461,19,-1,-1,csv_DESKTOP-APC2VEU\runs\20260828-164939_road_signs_binary_worker_0.csv,road_signs_binary,dataset/road_signs_binary,cuda,5,no_encryption,0.05,20,224,0.01,3,logs_DESKTOP-APC2VEU\road_signs_binary_run_0_DeiT-Tiny,DeiT-Tiny,1,2,4,4,static/plots_DESKTOP-APC2VEU\road_signs_binary_run_0_DeiT-Tiny,run_dataset_DESKTOP-APC2VEU\road_signs_binary_run_0_DeiT-Tiny,979.782434463501,True,0
4,FedLC,16,0.9480337078651685,0.9480217404339809,0.7872358288751978,0.948268221568591,0.9480337078651685,19,-1,-1,csv_DESKTOP-APC2VEU\runs\20260828-165858_road_signs_binary_worker_1.csv,road_signs_binary,dataset/road_signs_binary,cuda,5,no_encryption,0.0,20,224,0.01,3,logs_DESKTOP-APC2VEU\road_signs_binary_run_1_DeiT-Tiny,DeiT-Tiny,1,2,4,2,static/plots_DESKTOP-APC2VEU\road_signs_binary_run_1_DeiT-Tiny,run_dataset_DESKTOP-APC2VEU\road_signs_binary_run_1_DeiT-Tiny,935.4503507614136,True,1
4,FedLC,16,0.9157303370786517,0.9159988253518797,0.48063853408178586,0.9176109704382601,0.9157303370786517,3,-1,-1,csv_DESKTOP-APC2VEU\runs\20260828-170419_road_signs_binary_worker_0.csv,road_signs_binary,dataset/road_signs_binary,cuda,5,no_encryption,0.0,20,224,0.01,3,logs_DESKTOP-APC2VEU\road_signs_binary_run_0_DeiT-Tiny,DeiT-Tiny,1,2,4,4,static/plots_DESKTOP-APC2VEU\road_signs_binary_run_0_DeiT-Tiny,run_dataset_DESKTOP-APC2VEU\road_signs_binary_run_0_DeiT-Tiny,876.7820107936859,True,0
4,FedAvg,16,0.9438202247191011,0.9436029583567439,0.21264153283024487,0.9442155592339984,0.9438202247191011,9,-1,-1,csv_DESKTOP-APC2VEU\runs\20260828-170754_road_signs_binary_worker_1.csv,road_signs_binary,dataset/road_signs_binary,cuda,5,no_encryption,0.0,20,224,0.001,3,logs_DESKTOP-APC2VEU\road_signs_binary_run_1_DeiT-Tiny,DeiT-Tiny,1,2,4,2,static/plots_DESKTOP-APC2VEU\road_signs_binary_run_1_DeiT-Tiny,run_dataset_DESKTOP-APC2VEU\road_signs_binary_run_1_DeiT-Tiny,532.6299936771393,True,1
4,FedAvg,16,0.9466292134831461,0.9464737523811989,0.230368241821401,0.9469662958877657,0.9466292134831461,19,-1,-1,csv_DESKTOP-APC2VEU\runs\20260828-172010_road_signs_binary_worker_0.csv,road_signs_binary,dataset/road_signs_binary,cuda,5,no_encryption,0.0,20,224,0.001,3,logs_DESKTOP-APC2VEU\road_signs_binary_run_0_DeiT-Tiny,DeiT-Tiny,1,2,4,4,static/plots_DESKTOP-APC2VEU\road_signs_binary_run_0_DeiT-Tiny,run_dataset_DESKTOP-APC2VEU\road_signs_binary_run_0_DeiT-Tiny,946.9882762432098,True,0
4,FedProx,16,0.9480337078651685,0.9478844648257563,0.19691308394625123,0.9483667990869804,0.9480337078651685,12,-1,-1,csv_DESKTOP-APC2VEU\runs\20260828-172023_road_signs_binary_worker_1.csv,road_signs_binary,dataset/road_signs_binary,cuda,5,no_encryption,0.05,20,224,0.001,3,logs_DESKTOP-APC2VEU\road_signs_binary_run_1_DeiT-Tiny,DeiT-Tiny,1,2,4,2,static/plots_DESKTOP-APC2VEU\road_signs_binary_run_1_DeiT-Tiny,run_dataset_DESKTOP-APC2VEU\road_signs_binary_run_1_DeiT-Tiny,745.6544535160065,True,1
4,FedLC,16,0.9508426966292135,0.9506617378057648,0.19176438685409788,0.9512708566195481,0.9508426966292135,6,-1,-1,csv_DESKTOP-APC2VEU\runs\20260828-173217_road_signs_binary_worker_1.csv,road_signs_binary,dataset/road_signs_binary,cuda,5,no_encryption,0.0,20,224,0.001,3,logs_DESKTOP-APC2VEU\road_signs_binary_run_1_DeiT-Tiny,DeiT-Tiny,1,2,4,2,static/plots_DESKTOP-APC2VEU\road_signs_binary_run_1_DeiT-Tiny,run_dataset_DESKTOP-APC2VEU\road_signs_binary_run_1_DeiT-Tiny,710.122581243515,True,1
4,FedProx,16,0.9480337078651685,0.9478087631036989,0.19978045460129068,0.9485556520111745,0.9480337078651685,14,-1,-1,csv_DESKTOP-APC2VEU\runs\20260828-173649_road_signs_binary_worker_0.csv,road_signs_binary,dataset/road_signs_binary,cuda,5,no_encryption,0.05,20,224,0.001,3,logs_DESKTOP-APC2VEU\road_signs_binary_run_0_DeiT-Tiny,DeiT-Tiny,1,2,4,4,static/plots_DESKTOP-APC2VEU\road_signs_binary_run_0_DeiT-Tiny,run_dataset_DESKTOP-APC2VEU\road_signs_binary_run_0_DeiT-Tiny,995.7472240924835,True,0
4,FedLC,16,0.9438202247191011,0.9437244621329661,0.17549378288291093,0.9439655311093192,0.9438202247191011,3,-1,-1,csv_DESKTOP-APC2VEU\runs\20260828-173920_road_signs_binary_worker_1.csv,road_signs_binary,dataset/road_signs_binary,cuda,5,no_encryption,0.0,20,224,0.001,3,logs_DESKTOP-APC2VEU\road_signs_binary_run_1_DeiT-Tiny,DeiT-Tiny,1,2,4,4,static/plots_DESKTOP-APC2VEU\road_signs_binary_run_1_DeiT-Tiny,run_dataset_DESKTOP-APC2VEU\road_signs_binary_run_1_DeiT-Tiny,419.69420337677,True,1
4,FedAvg,16,0.9438202247191011,0.9436265027163434,0.17080350673830744,0.9441379750148129,0.9438202247191011,15,-1,-1,csv_DESKTOP-APC2VEU\runs\20260828-175101_road_signs_binary_worker_0.csv,road_signs_binary,dataset/road_signs_binary,cuda,5,no_encryption,0.0,20,224,0.0001,3,logs_DESKTOP-APC2VEU\road_signs_binary_run_0_DeiT-Tiny,DeiT-Tiny,1,2,4,2,static/plots_DESKTOP-APC2VEU\road_signs_binary_run_0_DeiT-Tiny,run_dataset_DESKTOP-APC2VEU\road_signs_binary_run_0_DeiT-Tiny,848.1864869594574,True,0
4,FedAvg,16,0.9438202247191011,0.9435724385507107,0.18875171376256208,0.9444056658410286,0.9438202247191011,18,-1,-1,csv_DESKTOP-APC2VEU\runs\20260828-175714_road_signs_binary_worker_1.csv,road_signs_binary,dataset/road_signs_binary,cuda,5,no_encryption,0.0,20,224,0.0001,3,logs_DESKTOP-APC2VEU\road_signs_binary_run_1_DeiT-Tiny,DeiT-Tiny,1,2,4,4,static/plots_DESKTOP-APC2VEU\road_signs_binary_run_1_DeiT-Tiny,run_dataset_DESKTOP-APC2VEU\road_signs_binary_run_1_DeiT-Tiny,1070.506059885025,True,1
4,FedProx,16,0.9410112359550562,0.9408236035679469,0.1811681661461846,0.9413750696978258,0.9410112359550562,12,-1,-1,csv_DESKTOP-APC2VEU\runs\20260828-180651_road_signs_binary_worker_0.csv,road_signs_binary,dataset/road_signs_binary,cuda,5,no_encryption,0.05,20,224,0.0001,3,logs_DESKTOP-APC2VEU\road_signs_binary_run_0_DeiT-Tiny,DeiT-Tiny,1,2,4,2,static/plots_DESKTOP-APC2VEU\road_signs_binary_run_0_DeiT-Tiny,run_dataset_DESKTOP-APC2VEU\road_signs_binary_run_0_DeiT-Tiny,946.5415444374084,True,0
4,FedProx,16,0.9396067415730337,0.939316213534219,0.17715772685040249,0.940304025459369,0.9396067415730337,18,-1,-1,csv_DESKTOP-APC2VEU\runs\20260828-181551_road_signs_binary_worker_1.csv,road_signs_binary,dataset/road_signs_binary,cuda,5,no_encryption,0.05,20,224,0.0001,3,logs_DESKTOP-APC2VEU\road_signs_binary_run_1_DeiT-Tiny,DeiT-Tiny,1,2,4,4,static/plots_DESKTOP-APC2VEU\road_signs_binary_run_1_DeiT-Tiny,run_dataset_DESKTOP-APC2VEU\road_signs_binary_run_1_DeiT-Tiny,1113.5190329551697,True,1
4,FedLC,16,0.9452247191011236,0.9449870369907089,0.17077875156688055,0.9457168979926659,0.9452247191011236,19,-1,-1,csv_DESKTOP-APC2VEU\runs\20260828-182246_road_signs_binary_worker_0.csv,road_signs_binary,dataset/road_signs_binary,cuda,5,no_encryption,0.0,20,224,0.0001,3,logs_DESKTOP-APC2VEU\road_signs_binary_run_0_DeiT-Tiny,DeiT-Tiny,1,2,4,2,static/plots_DESKTOP-APC2VEU\road_signs_binary_run_0_DeiT-Tiny,run_dataset_DESKTOP-APC2VEU\road_signs_binary_run_0_DeiT-Tiny,951.8357172012329,True,0
4,FedLC,16,0.9396067415730337,0.9393958692383388,0.18378105417716062,0.9399043636457547,0.9396067415730337,16,-1,-1,csv_DESKTOP-APC2VEU\runs\20260828-183252_road_signs_binary_worker_1.csv,road_signs_binary,dataset/road_signs_binary,cuda,5,no_encryption,0.0,20,224,0.0001,3,logs_DESKTOP-APC2VEU\road_signs_binary_run_1_DeiT-Tiny,DeiT-Tiny,1,2,4,4,static/plots_DESKTOP-APC2VEU\road_signs_binary_run_1_DeiT-Tiny,run_dataset_DESKTOP-APC2VEU\road_signs_binary_run_1_DeiT-Tiny,1017.3536460399628,True,1
8,FedAvg,16,0.9339887640449438,0.9343084531141232,0.2798202498204446,0.9373590266299915,0.9339887640449438,19,-1,-1,csv_DESKTOP-APC2VEU\runs\20260828-183347_road_signs_binary_worker_0.csv,road_signs_binary,dataset/road_signs_binary,cuda,5,no_encryption,0.0,20,224,0.01,3,logs_DESKTOP-APC2VEU\road_signs_binary_run_0_DeiT-Tiny,DeiT-Tiny,1,2,8,2,static/plots_DESKTOP-APC2VEU\road_signs_binary_run_0_DeiT-Tiny,run_dataset_DESKTOP-APC2VEU\road_signs_binary_run_0_DeiT-Tiny,657.2211921215057,True,0
8,FedProx,16,0.9339887640449438,0.9342476394891179,0.14700479480553041,0.9365039109906494,0.9339887640449438,12,-1,-1,csv_DESKTOP-APC2VEU\runs\20260828-185131_road_signs_binary_worker_0.csv,road_signs_binary,dataset/road_signs_binary,cuda,5,no_encryption,0.05,20,224,0.01,3,logs_DESKTOP-APC2VEU\road_signs_binary_run_0_DeiT-Tiny,DeiT-Tiny,1,2,8,2,static/plots_DESKTOP-APC2VEU\road_signs_binary_run_0_DeiT-Tiny,run_dataset_DESKTOP-APC2VEU\road_signs_binary_run_0_DeiT-Tiny,1060.5737113952637,True,0
8,FedAvg,16,0.898876404494382,0.8966280756839003,0.5169872051167689,0.9080450829249134,0.898876404494382,5,-1,-1,csv_DESKTOP-APC2VEU\runs\20260828-185443_road_signs_binary_worker_1.csv,road_signs_binary,dataset/road_signs_binary,cuda,5,no_encryption,0.0,20,224,0.01,3,logs_DESKTOP-APC2VEU\road_signs_binary_run_1_DeiT-Tiny,DeiT-Tiny,1,2,8,4,static/plots_DESKTOP-APC2VEU\road_signs_binary_run_1_DeiT-Tiny,run_dataset_DESKTOP-APC2VEU\road_signs_binary_run_1_DeiT-Tiny,1307.744112253189,True,1
8,FedProx,16,0.9367977528089888,0.9370883426772488,0.20077720878834135,0.939539665099039,0.9367977528089888,18,-1,-1,csv_DESKTOP-APC2VEU\runs\20260828-190825_road_signs_binary_worker_0.csv,road_signs_binary,dataset/road_signs_binary,cuda,5,no_encryption,0.05,20,224,0.01,3,logs_DESKTOP-APC2VEU\road_signs_binary_run_0_DeiT-Tiny,DeiT-Tiny,1,2,8,4,static/plots_DESKTOP-APC2VEU\road_signs_binary_run_0_DeiT-Tiny,run_dataset_DESKTOP-APC2VEU\road_signs_binary_run_0_DeiT-Tiny,1010.7683181762695,True,0
8,FedLC,16,0.925561797752809,0.9259672168509832,0.3460015726388438,0.9303521968339775,0.925561797752809,19,-1,-1,csv_DESKTOP-APC2VEU\runs\20260828-191303_road_signs_binary_worker_1.csv,road_signs_binary,dataset/road_signs_binary,cuda,5,no_encryption,0.0,20,224,0.01,3,logs_DESKTOP-APC2VEU\road_signs_binary_run_1_DeiT-Tiny,DeiT-Tiny,1,2,8,2,static/plots_DESKTOP-APC2VEU\road_signs_binary_run_1_DeiT-Tiny,run_dataset_DESKTOP-APC2VEU\road_signs_binary_run_1_DeiT-Tiny,1096.3798224925995,True,1
8,FedLC,16,0.8525280898876404,0.8451662723277802,0.4787671865916319,0.8776122138559109,0.8525280898876404,4,-1,-1,csv_DESKTOP-APC2VEU\runs\20260828-192731_road_signs_binary_worker_0.csv,road_signs_binary,dataset/road_signs_binary,cuda,5,no_encryption,0.0,20,224,0.01,3,logs_DESKTOP-APC2VEU\road_signs_binary_run_0_DeiT-Tiny,DeiT-Tiny,1,2,8,4,static/plots_DESKTOP-APC2VEU\road_signs_binary_run_0_DeiT-Tiny,run_dataset_DESKTOP-APC2VEU\road_signs_binary_run_0_DeiT-Tiny,1141.9779295921326,True,0
8,FedAvg,16,0.9536516853932584,0.953722179237336,0.14387651706334162,0.9543112443200779,0.9536516853932584,15,-1,-1,csv_DESKTOP-APC2VEU\runs\20260829-161346_road_signs_binary_worker_1.csv,road_signs_binary,dataset/road_signs_binary,cuda,5,no_encryption,0.0,20,224,0.001,3,logs_DESKTOP-APC2VEU\road_signs_binary_run_1_DeiT-Tiny,DeiT-Tiny,1,2,8,2,static/plots_DESKTOP-APC2VEU\road_signs_binary_run_1_DeiT-Tiny,run_dataset_DESKTOP-APC2VEU\road_signs_binary_run_1_DeiT-Tiny,510.1390905380249,True,1
8,FedAvg,16,0.9452247191011236,0.945345385478556,0.17226349646349834,0.9464614085529482,0.9452247191011236,13,-1,-1,csv_DESKTOP-APC2VEU\runs\20260829-161410_road_signs_binary_worker_0.csv,road_signs_binary,dataset/road_signs_binary,cuda,5,no_encryption,0.0,20,224,0.001,3,logs_DESKTOP-APC2VEU\road_signs_binary_run_0_DeiT-Tiny,DeiT-Tiny,1,2,8,4,static/plots_DESKTOP-APC2VEU\road_signs_binary_run_0_DeiT-Tiny,run_dataset_DESKTOP-APC2VEU\road_signs_binary_run_0_DeiT-Tiny,534.8483533859253,True,0
8,FedProx,16,0.9480337078651685,0.9481736721405589,0.1550101403459603,0.9493035982404386,0.9480337078651685,13,-1,-1,csv_DESKTOP-APC2VEU\runs\20260829-162203_road_signs_binary_worker_1.csv,road_signs_binary,dataset/road_signs_binary,cuda,5,no_encryption,0.05,20,224,0.001,3,logs_DESKTOP-APC2VEU\road_signs_binary_run_1_DeiT-Tiny,DeiT-Tiny,1,2,8,2,static/plots_DESKTOP-APC2VEU\road_signs_binary_run_1_DeiT-Tiny,run_dataset_DESKTOP-APC2VEU\road_signs_binary_run_1_DeiT-Tiny,493.7029826641083,True,1
8,FedProx,16,0.9466292134831461,0.9467531654851241,0.1607506861321607,0.9476514834444975,0.9466292134831461,18,-1,-1,csv_DESKTOP-APC2VEU\runs\20260829-162305_road_signs_binary_worker_0.csv,road_signs_binary,dataset/road_signs_binary,cuda,5,no_encryption,0.05,20,224,0.001,3,logs_DESKTOP-APC2VEU\road_signs_binary_run_0_DeiT-Tiny,DeiT-Tiny,1,2,8,4,static/plots_DESKTOP-APC2VEU\road_signs_binary_run_0_DeiT-Tiny,run_dataset_DESKTOP-APC2VEU\road_signs_binary_run_0_DeiT-Tiny,531.1130645275116,True,0
8,FedLC,16,0.9480337078651685,0.9481983980766204,0.17724735358026233,0.9498937198407927,0.9480337078651685,19,-1,-1,csv_DESKTOP-APC2VEU\runs\20260829-163007_road_signs_binary_worker_1.csv,road_signs_binary,dataset/road_signs_binary,cuda,5,no_encryption,0.0,20,224,0.001,3,logs_DESKTOP-APC2VEU\road_signs_binary_run_1_DeiT-Tiny,DeiT-Tiny,1,2,8,2,static/plots_DESKTOP-APC2VEU\road_signs_binary_run_1_DeiT-Tiny,run_dataset_DESKTOP-APC2VEU\road_signs_binary_run_1_DeiT-Tiny,480.93741822242737,True,1
8,FedLC,16,0.9466292134831461,0.9467817361945711,0.17871258815546426,0.9486646645953403,0.9466292134831461,15,-1,-1,csv_DESKTOP-APC2VEU\runs\20260829-163148_road_signs_binary_worker_0.csv,road_signs_binary,dataset/road_signs_binary,cuda,5,no_encryption,0.0,20,224,0.001,3,logs_DESKTOP-APC2VEU\road_signs_binary_run_0_DeiT-Tiny,DeiT-Tiny,1,2,8,4,static/plots_DESKTOP-APC2VEU\road_signs_binary_run_0_DeiT-Tiny,run_dataset_DESKTOP-APC2VEU\road_signs_binary_run_0_DeiT-Tiny,519.7148606777191,True,0
8,FedAvg,16,0.925561797752809,0.9255293234964138,0.1744417403144448,0.9261389957572521,0.925561797752809,19,-1,-1,csv_DESKTOP-APC2VEU\runs\20260829-163805_road_signs_binary_worker_1.csv,road_signs_binary,dataset/road_signs_binary,cuda,5,no_encryption,0.0,20,224,0.0001,3,logs_DESKTOP-APC2VEU\road_signs_binary_run_1_DeiT-Tiny,DeiT-Tiny,1,2,8,2,static/plots_DESKTOP-APC2VEU\road_signs_binary_run_1_DeiT-Tiny,run_dataset_DESKTOP-APC2VEU\road_signs_binary_run_1_DeiT-Tiny,474.5322542190552,True,1
8,FedAvg,16,0.9283707865168539,0.928397048969555,0.1787289644760247,0.9288153861426068,0.9283707865168539,18,-1,-1,csv_DESKTOP-APC2VEU\runs\20260829-164026_road_signs_binary_worker_0.csv,road_signs_binary,dataset/road_signs_binary,cuda,5,no_encryption,0.0,20,224,0.0001,3,logs_DESKTOP-APC2VEU\road_signs_binary_run_0_DeiT-Tiny,DeiT-Tiny,1,2,8,4,static/plots_DESKTOP-APC2VEU\road_signs_binary_run_0_DeiT-Tiny,run_dataset_DESKTOP-APC2VEU\road_signs_binary_run_0_DeiT-Tiny,514.4250798225403,True,0
8,FedProx,16,0.9269662921348315,0.9269752165704812,0.17878372225847639,0.9275872794037652,0.9269662921348315,19,-1,-1,csv_DESKTOP-APC2VEU\runs\20260829-164638_road_signs_binary_worker_1.csv,road_signs_binary,dataset/road_signs_binary,cuda,5,no_encryption,0.05,20,224,0.0001,3,logs_DESKTOP-APC2VEU\road_signs_binary_run_1_DeiT-Tiny,DeiT-Tiny,1,2,8,2,static/plots_DESKTOP-APC2VEU\road_signs_binary_run_1_DeiT-Tiny,run_dataset_DESKTOP-APC2VEU\road_signs_binary_run_1_DeiT-Tiny,508.4754750728607,True,1
8,FedProx,16,0.9241573033707865,0.9241551997398897,0.1834427912096922,0.924759704058963,0.9241573033707865,17,-1,-1,csv_DESKTOP-APC2VEU\runs\20260829-164947_road_signs_binary_worker_0.csv,road_signs_binary,dataset/road_signs_binary,cuda,5,no_encryption,0.05,20,224,0.0001,3,logs_DESKTOP-APC2VEU\road_signs_binary_run_0_DeiT-Tiny,DeiT-Tiny,1,2,8,4,static/plots_DESKTOP-APC2VEU\road_signs_binary_run_0_DeiT-Tiny,run_dataset_DESKTOP-APC2VEU\road_signs_binary_run_0_DeiT-Tiny,557.0782573223114,True,0
8,FedLC,16,0.9283707865168539,0.9284822612729635,0.17234457638951833,0.9292790167425694,0.9283707865168539,19,-1,-1,csv_DESKTOP-APC2VEU\runs\20260829-165444_road_signs_binary_worker_1.csv,road_signs_binary,dataset/road_signs_binary,cuda,5,no_encryption,0.0,20,224,0.0001,3,logs_DESKTOP-APC2VEU\road_signs_binary_run_1_DeiT-Tiny,DeiT-Tiny,1,2,8,2,static/plots_DESKTOP-APC2VEU\road_signs_binary_run_1_DeiT-Tiny,run_dataset_DESKTOP-APC2VEU\road_signs_binary_run_1_DeiT-Tiny,483.0769772529602,True,1
8,FedLC,16,0.9241573033707865,0.9241735053178293,0.18318625688788304,0.925289444305434,0.9241573033707865,19,-1,-1,csv_DESKTOP-APC2VEU\runs\20260829-165841_road_signs_binary_worker_0.csv,road_signs_binary,dataset/road_signs_binary,cuda,5,no_encryption,0.0,20,224,0.0001,3,logs_DESKTOP-APC2VEU\road_signs_binary_run_0_DeiT-Tiny,DeiT-Tiny,1,2,8,4,static/plots_DESKTOP-APC2VEU\road_signs_binary_run_0_DeiT-Tiny,run_dataset_DESKTOP-APC2VEU\road_signs_binary_run_0_DeiT-Tiny,530.1406829357147,True,0
10,FedAvg,16,0.9338028169014084,0.9340643873946702,0.2331058962647635,0.938172913835948,0.9338028169014084,17,-1,-1,csv_DESKTOP-APC2VEU\runs\20260829-170304_road_signs_binary_worker_1.csv,road_signs_binary,dataset/road_signs_binary,cuda,5,no_encryption,0.0,20,224,0.01,3,logs_DESKTOP-APC2VEU\road_signs_binary_run_1_DeiT-Tiny,DeiT-Tiny,1,2,10,2,static/plots_DESKTOP-APC2VEU\road_signs_binary_run_1_DeiT-Tiny,run_dataset_DESKTOP-APC2VEU\road_signs_binary_run_1_DeiT-Tiny,496.1758921146393,True,1
10,FedAvg,16,0.923943661971831,0.9230943062045961,0.48668679893016814,0.9278365217433158,0.923943661971831,5,-1,-1,csv_DESKTOP-APC2VEU\runs\20260829-170753_road_signs_binary_worker_0.csv,road_signs_binary,dataset/road_signs_binary,cuda,5,no_encryption,0.0,20,224,0.01,3,logs_DESKTOP-APC2VEU\road_signs_binary_run_0_DeiT-Tiny,DeiT-Tiny,1,2,10,4,static/plots_DESKTOP-APC2VEU\road_signs_binary_run_0_DeiT-Tiny,run_dataset_DESKTOP-APC2VEU\road_signs_binary_run_0_DeiT-Tiny,548.9084043502808,True,0
10,FedProx,16,0.9507042253521126,0.9508338266165172,0.11953915148960348,0.953535690577864,0.9507042253521126,18,-1,-1,csv_DESKTOP-APC2VEU\runs\20260829-171146_road_signs_binary_worker_1.csv,road_signs_binary,dataset/road_signs_binary,cuda,5,no_encryption,0.05,20,224,0.01,3,logs_DESKTOP-APC2VEU\road_signs_binary_run_1_DeiT-Tiny,DeiT-Tiny,1,2,10,2,static/plots_DESKTOP-APC2VEU\road_signs_binary_run_1_DeiT-Tiny,run_dataset_DESKTOP-APC2VEU\road_signs_binary_run_1_DeiT-Tiny,518.5156035423279,True,1
10,FedProx,16,0.9309859154929577,0.9312735298639745,0.22142139538912706,0.9386696376184488,0.9309859154929577,14,-1,-1,csv_DESKTOP-APC2VEU\runs\20260829-171708_road_signs_binary_worker_0.csv,road_signs_binary,dataset/road_signs_binary,cuda,5,no_encryption,0.05,20,224,0.01,3,logs_DESKTOP-APC2VEU\road_signs_binary_run_0_DeiT-Tiny,DeiT-Tiny,1,2,10,4,static/plots_DESKTOP-APC2VEU\road_signs_binary_run_0_DeiT-Tiny,run_dataset_DESKTOP-APC2VEU\road_signs_binary_run_0_DeiT-Tiny,551.6387701034546,True,0
10,FedLC,16,0.9408450704225352,0.9410924947917327,0.27260372521956916,0.9456086633838781,0.9408450704225352,18,-1,-1,csv_DESKTOP-APC2VEU\runs\20260829-172016_road_signs_binary_worker_1.csv,road_signs_binary,dataset/road_signs_binary,cuda,5,no_encryption,0.0,20,224,0.01,3,logs_DESKTOP-APC2VEU\road_signs_binary_run_1_DeiT-Tiny,DeiT-Tiny,1,2,10,2,static/plots_DESKTOP-APC2VEU\road_signs_binary_run_1_DeiT-Tiny,run_dataset_DESKTOP-APC2VEU\road_signs_binary_run_1_DeiT-Tiny,506.51937222480774,True,1
10,FedLC,16,0.9380281690140845,0.9376325918825799,0.4633721365475319,0.9396833951831715,0.9380281690140845,6,-1,-1,csv_DESKTOP-APC2VEU\runs\20260829-172611_road_signs_binary_worker_0.csv,road_signs_binary,dataset/road_signs_binary,cuda,5,no_encryption,0.0,20,224,0.01,3,logs_DESKTOP-APC2VEU\road_signs_binary_run_0_DeiT-Tiny,DeiT-Tiny,1,2,10,4,static/plots_DESKTOP-APC2VEU\road_signs_binary_run_0_DeiT-Tiny,run_dataset_DESKTOP-APC2VEU\road_signs_binary_run_0_DeiT-Tiny,538.9858245849609,True,0
10,FedAvg,16,0.9591549295774648,0.9591527274143531,0.11105204154442157,0.9602565291164029,0.9591549295774648,14,-1,-1,csv_DESKTOP-APC2VEU\runs\20260829-172825_road_signs_binary_worker_1.csv,road_signs_binary,dataset/road_signs_binary,cuda,5,no_encryption,0.0,20,224,0.001,3,logs_DESKTOP-APC2VEU\road_signs_binary_run_1_DeiT-Tiny,DeiT-Tiny,1,2,10,2,static/plots_DESKTOP-APC2VEU\road_signs_binary_run_1_DeiT-Tiny,run_dataset_DESKTOP-APC2VEU\road_signs_binary_run_1_DeiT-Tiny,485.625125169754,True,1
10,FedAvg,16,0.9619718309859155,0.9620346685516947,0.1213607876495996,0.9641763744447016,0.9619718309859155,19,-1,-1,csv_DESKTOP-APC2VEU\runs\20260829-173509_road_signs_binary_worker_0.csv,road_signs_binary,dataset/road_signs_binary,cuda,5,no_encryption,0.0,20,224,0.001,3,logs_DESKTOP-APC2VEU\road_signs_binary_run_0_DeiT-Tiny,DeiT-Tiny,1,2,10,4,static/plots_DESKTOP-APC2VEU\road_signs_binary_run_0_DeiT-Tiny,run_dataset_DESKTOP-APC2VEU\road_signs_binary_run_0_DeiT-Tiny,534.492698431015,True,0
10,FedProx,16,0.9577464788732394,0.9578091888051594,0.10408157315531509,0.959307621148351,0.9577464788732394,16,-1,-1,csv_DESKTOP-APC2VEU\runs\20260829-173722_road_signs_binary_worker_1.csv,road_signs_binary,dataset/road_signs_binary,cuda,5,no_encryption,0.05,20,224,0.001,3,logs_DESKTOP-APC2VEU\road_signs_binary_run_1_DeiT-Tiny,DeiT-Tiny,1,2,10,2,static/plots_DESKTOP-APC2VEU\road_signs_binary_run_1_DeiT-Tiny,run_dataset_DESKTOP-APC2VEU\road_signs_binary_run_1_DeiT-Tiny,533.2619659900665,True,1
10,FedProx,16,0.9633802816901409,0.9634115741975257,0.10819308080277602,0.9643547480876447,0.9633802816901409,17,-1,-1,csv_DESKTOP-APC2VEU\runs\20260829-174455_road_signs_binary_worker_0.csv,road_signs_binary,dataset/road_signs_binary,cuda,5,no_encryption,0.05,20,224,0.001,3,logs_DESKTOP-APC2VEU\road_signs_binary_run_0_DeiT-Tiny,DeiT-Tiny,1,2,10,4,static/plots_DESKTOP-APC2VEU\road_signs_binary_run_0_DeiT-Tiny,run_dataset_DESKTOP-APC2VEU\road_signs_binary_run_0_DeiT-Tiny,582.3808109760284,True,0
10,FedLC,16,0.9591549295774648,0.9591623236781953,0.11107113364228034,0.9605147011405023,0.9591549295774648,19,-1,-1,csv_DESKTOP-APC2VEU\runs\20260829-174546_road_signs_binary_worker_1.csv,road_signs_binary,dataset/road_signs_binary,cuda,5,no_encryption,0.0,20,224,0.001,3,logs_DESKTOP-APC2VEU\road_signs_binary_run_1_DeiT-Tiny,DeiT-Tiny,1,2,10,2,static/plots_DESKTOP-APC2VEU\road_signs_binary_run_1_DeiT-Tiny,run_dataset_DESKTOP-APC2VEU\road_signs_binary_run_1_DeiT-Tiny,500.74423265457153,True,1
10,FedLC,16,0.9535211267605633,0.9536240441341879,0.12133375242759119,0.9560671797017926,0.9535211267605633,17,-1,-1,csv_DESKTOP-APC2VEU\runs\20260829-175410_road_signs_binary_worker_0.csv,road_signs_binary,dataset/road_signs_binary,cuda,5,no_encryption,0.0,20,224,0.001,3,logs_DESKTOP-APC2VEU\road_signs_binary_run_0_DeiT-Tiny,DeiT-Tiny,1,2,10,4,static/plots_DESKTOP-APC2VEU\road_signs_binary_run_0_DeiT-Tiny,run_dataset_DESKTOP-APC2VEU\road_signs_binary_run_0_DeiT-Tiny,552.1901021003723,True,0
10,FedAvg,16,0.9394366197183098,0.9395572427588996,0.1603461015549764,0.9417648251339757,0.9394366197183098,14,-1,-1,csv_DESKTOP-APC2VEU\runs\20260829-175441_road_signs_binary_worker_1.csv,road_signs_binary,dataset/road_signs_binary,cuda,5,no_encryption,0.0,20,224,0.0001,3,logs_DESKTOP-APC2VEU\road_signs_binary_run_1_DeiT-Tiny,DeiT-Tiny,1,2,10,2,static/plots_DESKTOP-APC2VEU\road_signs_binary_run_1_DeiT-Tiny,run_dataset_DESKTOP-APC2VEU\road_signs_binary_run_1_DeiT-Tiny,531.4180037975311,True,1
10,FedAvg,16,0.9408450704225352,0.9409744426648545,0.14372574106698305,0.9430297422698539,0.9408450704225352,17,-1,-1,csv_DESKTOP-APC2VEU\runs\20260829-180323_road_signs_binary_worker_0.csv,road_signs_binary,dataset/road_signs_binary,cuda,5,no_encryption,0.0,20,224,0.0001,3,logs_DESKTOP-APC2VEU\road_signs_binary_run_0_DeiT-Tiny,DeiT-Tiny,1,2,10,4,static/plots_DESKTOP-APC2VEU\road_signs_binary_run_0_DeiT-Tiny,run_dataset_DESKTOP-APC2VEU\road_signs_binary_run_0_DeiT-Tiny,548.9437081813812,True,0
10,FedProx,16,0.9394366197183098,0.939564852632496,0.1551388448392841,0.9415699101445012,0.9394366197183098,19,-1,-1,csv_DESKTOP-APC2VEU\runs\20260829-180336_road_signs_binary_worker_1.csv,road_signs_binary,dataset/road_signs_binary,cuda,5,no_encryption,0.05,20,224,0.0001,3,logs_DESKTOP-APC2VEU\road_signs_binary_run_1_DeiT-Tiny,DeiT-Tiny,1,2,10,2,static/plots_DESKTOP-APC2VEU\road_signs_binary_run_1_DeiT-Tiny,run_dataset_DESKTOP-APC2VEU\road_signs_binary_run_1_DeiT-Tiny,530.7127623558044,True,1
10,FedLC,16,0.9394366197183098,0.9395472481659479,0.16113826301945766,0.9422219336293841,0.9394366197183098,14,-1,-1,csv_DESKTOP-APC2VEU\runs\20260829-181241_road_signs_binary_worker_1.csv,road_signs_binary,dataset/road_signs_binary,cuda,5,no_encryption,0.0,20,224,0.0001,3,logs_DESKTOP-APC2VEU\road_signs_binary_run_1_DeiT-Tiny,DeiT-Tiny,1,2,10,2,static/plots_DESKTOP-APC2VEU\road_signs_binary_run_1_DeiT-Tiny,run_dataset_DESKTOP-APC2VEU\road_signs_binary_run_1_DeiT-Tiny,541.8065540790558,True,1
10,FedProx,16,0.9352112676056338,0.9352862539399674,0.15812963748901662,0.9370939693236219,0.9352112676056338,19,-1,-1,csv_DESKTOP-APC2VEU\runs\20260829-181324_road_signs_binary_worker_0.csv,road_signs_binary,dataset/road_signs_binary,cuda,5,no_encryption,0.05,20,224,0.0001,3,logs_DESKTOP-APC2VEU\road_signs_binary_run_0_DeiT-Tiny,DeiT-Tiny,1,2,10,4,static/plots_DESKTOP-APC2VEU\road_signs_binary_run_0_DeiT-Tiny,run_dataset_DESKTOP-APC2VEU\road_signs_binary_run_0_DeiT-Tiny,597.0831110477448,True,0
10,FedLC,16,0.9352112676056338,0.9353621614253312,0.14321079912110113,0.9370372129841614,0.9352112676056338,18,-1,-1,csv_DESKTOP-APC2VEU\runs\20260829-182047_road_signs_binary_worker_1.csv,road_signs_binary,dataset/road_signs_binary,cuda,5,no_encryption,0.0,20,224,0.0001,3,logs_DESKTOP-APC2VEU\road_signs_binary_run_1_DeiT-Tiny,DeiT-Tiny,1,2,10,4,static/plots_DESKTOP-APC2VEU\road_signs_binary_run_1_DeiT-Tiny,run_dataset_DESKTOP-APC2VEU\road_signs_binary_run_1_DeiT-Tiny,482.8614661693573,True,1
4,FedAvg,16,0.9101123595505618,0.9103217626841655,0.27688969744976316,0.911938469279324,0.9101123595505618,12,-1,-1,csv_DESKTOP-APC2VEU\runs\20260830-120639_road_signs_binary_worker_1.csv,road_signs_binary,dataset/road_signs_binary,cuda,5,direct_encrypted_update,0.0,20,224,0.01,3,logs_DESKTOP-APC2VEU\road_signs_binary_run_1_ResNet18,ResNet18,1,2,4,2,static/plots_DESKTOP-APC2VEU\road_signs_binary_run_1_ResNet18,run_dataset_DESKTOP-APC2VEU\road_signs_binary_run_1_ResNet18,1303.4907276630402,True,1
4,FedAvg,16,0.5786516853932584,0.4242072853772642,0.6807234568542309,0.3348377730084585,0.5786516853932584,1,-1,-1,csv_DESKTOP-APC2VEU\runs\20260830-121214_road_signs_binary_worker_0.csv,road_signs_binary,dataset/road_signs_binary,cuda,5,direct_encrypted_update,0.0,20,224,0.01,3,logs_DESKTOP-APC2VEU\road_signs_binary_run_0_ResNet18,ResNet18,1,2,4,4,static/plots_DESKTOP-APC2VEU\road_signs_binary_run_0_ResNet18,run_dataset_DESKTOP-APC2VEU\road_signs_binary_run_0_ResNet18,1637.932193517685,True,0
4,FedProx,16,0.901685393258427,0.902089095511687,0.2872528245860941,0.9057315591711732,0.901685393258427,15,-1,-1,csv_DESKTOP-APC2VEU\runs\20260830-122924_road_signs_binary_worker_1.csv,road_signs_binary,dataset/road_signs_binary,cuda,5,direct_encrypted_update,0.05,20,224,0.01,3,logs_DESKTOP-APC2VEU\road_signs_binary_run_1_ResNet18,ResNet18,1,2,4,2,static/plots_DESKTOP-APC2VEU\road_signs_binary_run_1_ResNet18,run_dataset_DESKTOP-APC2VEU\road_signs_binary_run_1_ResNet18,1357.9723088741302,True,1
4,FedProx,16,0.8876404494382022,0.8881827117373334,0.4057342091972908,0.8969680449350698,0.8876404494382022,19,-1,-1,csv_DESKTOP-APC2VEU\runs\20260830-124019_road_signs_binary_worker_0.csv,road_signs_binary,dataset/road_signs_binary,cuda,5,direct_encrypted_update,0.05,20,224,0.01,3,logs_DESKTOP-APC2VEU\road_signs_binary_run_0_ResNet18,ResNet18,1,2,4,4,static/plots_DESKTOP-APC2VEU\road_signs_binary_run_0_ResNet18,run_dataset_DESKTOP-APC2VEU\road_signs_binary_run_0_ResNet18,1678.370322227478,True,0
4,FedLC,16,0.8960674157303371,0.8965085792713823,0.2548781136113606,0.8999559753831481,0.8960674157303371,19,-1,-1,csv_DESKTOP-APC2VEU\runs\20260830-125109_road_signs_binary_worker_1.csv,road_signs_binary,dataset/road_signs_binary,cuda,5,direct_encrypted_update,0.0,20,224,0.01,3,logs_DESKTOP-APC2VEU\road_signs_binary_run_1_ResNet18,ResNet18,1,2,4,2,static/plots_DESKTOP-APC2VEU\road_signs_binary_run_1_ResNet18,run_dataset_DESKTOP-APC2VEU\road_signs_binary_run_1_ResNet18,1297.5039880275726,True,1
4,FedLC,16,0.5786516853932584,0.4242072853772642,0.681140630432729,0.3348377730084585,0.5786516853932584,1,-1,-1,csv_DESKTOP-APC2VEU\runs\20260830-130724_road_signs_binary_worker_0.csv,road_signs_binary,dataset/road_signs_binary,cuda,5,direct_encrypted_update,0.0,20,224,0.01,3,logs_DESKTOP-APC2VEU\road_signs_binary_run_0_ResNet18,ResNet18,1,2,4,4,static/plots_DESKTOP-APC2VEU\road_signs_binary_run_0_ResNet18,run_dataset_DESKTOP-APC2VEU\road_signs_binary_run_0_ResNet18,1617.3880743980408,True,0
4,FedAvg,16,0.9367977528089888,0.9368381793796359,0.1879716504461183,0.9369238529237833,0.9367977528089888,19,-1,-1,csv_DESKTOP-APC2VEU\runs\20260830-131300_road_signs_binary_worker_1.csv,road_signs_binary,dataset/road_signs_binary,cuda,5,direct_encrypted_update,0.0,20,224,0.001,3,logs_DESKTOP-APC2VEU\road_signs_binary_run_1_ResNet18,ResNet18,1,2,4,2,static/plots_DESKTOP-APC2VEU\road_signs_binary_run_1_ResNet18,run_dataset_DESKTOP-APC2VEU\road_signs_binary_run_1_ResNet18,1303.970380306244,True,1
4,FedAvg,16,0.9297752808988764,0.9298384611159448,0.19875973964036767,0.9304050451587663,0.9297752808988764,18,-1,-1,csv_DESKTOP-APC2VEU\runs\20260830-133438_road_signs_binary_worker_0.csv,road_signs_binary,dataset/road_signs_binary,cuda,5,direct_encrypted_update,0.0,20,224,0.001,3,logs_DESKTOP-APC2VEU\road_signs_binary_run_0_ResNet18,ResNet18,1,2,4,4,static/plots_DESKTOP-APC2VEU\road_signs_binary_run_0_ResNet18,run_dataset_DESKTOP-APC2VEU\road_signs_binary_run_0_ResNet18,1627.595802783966,True,0
4,FedProx,16,0.9325842696629213,0.9326755689654586,0.20046139007245892,0.9329437319211904,0.9325842696629213,17,-1,-1,csv_DESKTOP-APC2VEU\runs\20260830-133506_road_signs_binary_worker_1.csv,road_signs_binary,dataset/road_signs_binary,cuda,5,direct_encrypted_update,0.05,20,224,0.001,3,logs_DESKTOP-APC2VEU\road_signs_binary_run_1_ResNet18,ResNet18,1,2,4,2,static/plots_DESKTOP-APC2VEU\road_signs_binary_run_1_ResNet18,run_dataset_DESKTOP-APC2VEU\road_signs_binary_run_1_ResNet18,1318.6103596687317,True,1
4,FedLC,16,0.9396067415730337,0.9395317444176607,0.1914997408742064,0.9396864597487256,0.9396067415730337,19,-1,-1,csv_DESKTOP-APC2VEU\runs\20260830-135719_road_signs_binary_worker_1.csv,road_signs_binary,dataset/road_signs_binary,cuda,5,direct_encrypted_update,0.0,20,224,0.001,3,logs_DESKTOP-APC2VEU\road_signs_binary_run_1_ResNet18,ResNet18,1,2,4,2,static/plots_DESKTOP-APC2VEU\road_signs_binary_run_1_ResNet18,run_dataset_DESKTOP-APC2VEU\road_signs_binary_run_1_ResNet18,1326.46253824234,True,1
4,FedProx,16,0.9297752808988764,0.9296258148909992,0.21281686098984537,0.9298075917531915,0.9297752808988764,16,-1,-1,csv_DESKTOP-APC2VEU\runs\20260830-140224_road_signs_binary_worker_0.csv,road_signs_binary,dataset/road_signs_binary,cuda,5,direct_encrypted_update,0.05,20,224,0.001,3,logs_DESKTOP-APC2VEU\road_signs_binary_run_0_ResNet18,ResNet18,1,2,4,4,static/plots_DESKTOP-APC2VEU\road_signs_binary_run_0_ResNet18,run_dataset_DESKTOP-APC2VEU\road_signs_binary_run_0_ResNet18,1658.1115217208862,True,0
4,FedAvg,16,0.9283707865168539,0.9284767568215317,0.20964446058235225,0.9291307242889676,0.9283707865168539,15,-1,-1,csv_DESKTOP-APC2VEU\runs\20260830-142416_road_signs_binary_worker_0.csv,road_signs_binary,dataset/road_signs_binary,cuda,5,direct_encrypted_update,0.0,20,224,0.0001,3,logs_DESKTOP-APC2VEU\road_signs_binary_run_0_ResNet18,ResNet18,1,2,4,2,static/plots_DESKTOP-APC2VEU\road_signs_binary_run_0_ResNet18,run_dataset_DESKTOP-APC2VEU\road_signs_binary_run_0_ResNet18,1305.2651224136353,True,0
4,FedLC,16,0.9325842696629213,0.9326938414425454,0.23490675394370986,0.9330724725908859,0.9325842696629213,16,-1,-1,csv_DESKTOP-APC2VEU\runs\20260830-142456_road_signs_binary_worker_1.csv,road_signs_binary,dataset/road_signs_binary,cuda,5,direct_encrypted_update,0.0,20,224,0.001,3,logs_DESKTOP-APC2VEU\road_signs_binary_run_1_ResNet18,ResNet18,1,2,4,4,static/plots_DESKTOP-APC2VEU\road_signs_binary_run_1_ResNet18,run_dataset_DESKTOP-APC2VEU\road_signs_binary_run_1_ResNet18,1645.686838388443,True,1
4,FedProx,16,0.9241573033707865,0.9240771555044351,0.22077482136677992,0.924147054124591,0.9241573033707865,15,-1,-1,csv_DESKTOP-APC2VEU\runs\20260830-144735_road_signs_binary_worker_1.csv,road_signs_binary,dataset/road_signs_binary,cuda,5,direct_encrypted_update,0.05,20,224,0.0001,3,logs_DESKTOP-APC2VEU\road_signs_binary_run_1_ResNet18,ResNet18,1,2,4,2,static/plots_DESKTOP-APC2VEU\road_signs_binary_run_1_ResNet18,run_dataset_DESKTOP-APC2VEU\road_signs_binary_run_1_ResNet18,1352.410548210144,True,1
4,FedAvg,16,0.9311797752808989,0.9311900104998606,0.1979711524974764,0.9313056506928621,0.9311797752808989,17,-1,-1,csv_DESKTOP-APC2VEU\runs\20260830-145153_road_signs_binary_worker_0.csv,road_signs_binary,dataset/road_signs_binary,cuda,5,direct_encrypted_update,0.0,20,224,0.0001,3,logs_DESKTOP-APC2VEU\road_signs_binary_run_0_ResNet18,ResNet18,1,2,4,4,static/plots_DESKTOP-APC2VEU\road_signs_binary_run_0_ResNet18,run_dataset_DESKTOP-APC2VEU\road_signs_binary_run_0_ResNet18,1649.5623919963837,True,0
4,FedLC,16,0.9311797752808989,0.9311728621062992,0.20230437369933457,0.9316569183846705,0.9311797752808989,17,-1,-1,csv_DESKTOP-APC2VEU\runs\20260830-151427_road_signs_binary_worker_0.csv,road_signs_binary,dataset/road_signs_binary,cuda,5,direct_encrypted_update,0.0,20,224,0.0001,3,logs_DESKTOP-APC2VEU\road_signs_binary_run_0_ResNet18,ResNet18,1,2,4,2,static/plots_DESKTOP-APC2VEU\road_signs_binary_run_0_ResNet18,run_dataset_DESKTOP-APC2VEU\road_signs_binary_run_0_ResNet18,1346.6175372600555,True,0
4,FedProx,16,0.9311797752808989,0.9311879009587887,0.2190561140416546,0.9313299234240436,0.9311797752808989,18,-1,-1,csv_DESKTOP-APC2VEU\runs\20260830-151549_road_signs_binary_worker_1.csv,road_signs_binary,dataset/road_signs_binary,cuda,5,direct_encrypted_update,0.05,20,224,0.0001,3,logs_DESKTOP-APC2VEU\road_signs_binary_run_1_ResNet18,ResNet18,1,2,4,4,static/plots_DESKTOP-APC2VEU\road_signs_binary_run_1_ResNet18,run_dataset_DESKTOP-APC2VEU\road_signs_binary_run_1_ResNet18,1686.8195233345032,True,1
4,FedLC,16,0.9367977528089888,0.9368152688222788,0.18906003855472284,0.9368781353417793,0.9367977528089888,18,-1,-1,csv_DESKTOP-APC2VEU\runs\20260830-154305_road_signs_binary_worker_0.csv,road_signs_binary,dataset/road_signs_binary,cuda,5,direct_encrypted_update,0.0,20,224,0.0001,3,logs_DESKTOP-APC2VEU\road_signs_binary_run_0_ResNet18,ResNet18,1,2,4,4,static/plots_DESKTOP-APC2VEU\road_signs_binary_run_0_ResNet18,run_dataset_DESKTOP-APC2VEU\road_signs_binary_run_0_ResNet18,1711.2974700927734,True,0
8,FedAvg,16,0.9058988764044944,0.9061319170204408,0.23845988126952997,0.9102196475025028,0.9058988764044944,18,-1,-1,csv_DESKTOP-APC2VEU\runs\20260830-155734_road_signs_binary_worker_1.csv,road_signs_binary,dataset/road_signs_binary,cuda,5,direct_encrypted_update,0.0,20,224,0.01,3,logs_DESKTOP-APC2VEU\road_signs_binary_run_1_ResNet18,ResNet18,1,2,8,2,static/plots_DESKTOP-APC2VEU\road_signs_binary_run_1_ResNet18,run_dataset_DESKTOP-APC2VEU\road_signs_binary_run_1_ResNet18,2497.333488702774,True,1
8,FedAvg,16,0.5842696629213483,0.4309506733604271,0.6796594168362993,0.341371039010226,0.5842696629213483,1,-1,-1,csv_DESKTOP-APC2VEU\runs\20260830-163622_road_signs_binary_worker_0.csv,road_signs_binary,dataset/road_signs_binary,cuda,5,direct_encrypted_update,0.0,20,224,0.01,3,logs_DESKTOP-APC2VEU\road_signs_binary_run_0_ResNet18,ResNet18,1,2,8,4,static/plots_DESKTOP-APC2VEU\road_signs_binary_run_0_ResNet18,run_dataset_DESKTOP-APC2VEU\road_signs_binary_run_0_ResNet18,3190.0397276878357,True,0
8,FedProx,16,0.8764044943820225,0.8767205615601832,0.2685593793775593,0.8915335016417724,0.8764044943820225,18,-1,-1,csv_DESKTOP-APC2VEU\runs\20260830-164023_road_signs_binary_worker_1.csv,road_signs_binary,dataset/road_signs_binary,cuda,5,direct_encrypted_update,0.05,20,224,0.01,3,logs_DESKTOP-APC2VEU\road_signs_binary_run_1_ResNet18,ResNet18,1,2,8,2,static/plots_DESKTOP-APC2VEU\road_signs_binary_run_1_ResNet18,run_dataset_DESKTOP-APC2VEU\road_signs_binary_run_1_ResNet18,2562.4889278411865,True,1
8,FedLC,16,0.8890449438202247,0.8895448082841078,0.4150321569000737,0.898455344113278,0.8890449438202247,19,-1,-1,csv_DESKTOP-APC2VEU\runs\20260830-172316_road_signs_binary_worker_1.csv,road_signs_binary,dataset/road_signs_binary,cuda,5,direct_encrypted_update,0.0,20,224,0.01,3,logs_DESKTOP-APC2VEU\road_signs_binary_run_1_ResNet18,ResNet18,1,2,8,2,static/plots_DESKTOP-APC2VEU\road_signs_binary_run_1_ResNet18,run_dataset_DESKTOP-APC2VEU\road_signs_binary_run_1_ResNet18,2566.0114362239838,True,1
8,FedProx,16,0.8918539325842697,0.8922685137560491,0.32877456865618737,0.9025065339623142,0.8918539325842697,13,-1,-1,csv_DESKTOP-APC2VEU\runs\20260830-173034_road_signs_binary_worker_0.csv,road_signs_binary,dataset/road_signs_binary,cuda,5,direct_encrypted_update,0.05,20,224,0.01,3,logs_DESKTOP-APC2VEU\road_signs_binary_run_0_ResNet18,ResNet18,1,2,8,4,static/plots_DESKTOP-APC2VEU\road_signs_binary_run_0_ResNet18,run_dataset_DESKTOP-APC2VEU\road_signs_binary_run_0_ResNet18,3244.6789247989655,True,0
8,FedAvg,16,0.9339887640449438,0.9340570676600172,0.18459199999427695,0.9348803133944191,0.9339887640449438,17,-1,-1,csv_DESKTOP-APC2VEU\runs\20260830-181313_road_signs_binary_worker_0.csv,road_signs_binary,dataset/road_signs_binary,cuda,5,direct_encrypted_update,0.0,20,224,0.001,3,logs_DESKTOP-APC2VEU\road_signs_binary_run_0_ResNet18,ResNet18,1,2,8,2,static/plots_DESKTOP-APC2VEU\road_signs_binary_run_0_ResNet18,run_dataset_DESKTOP-APC2VEU\road_signs_binary_run_0_ResNet18,2551.7446434497833,True,0
8,FedLC,16,0.5842696629213483,0.4309506733604271,0.6791848834980739,0.341371039010226,0.5842696629213483,1,-1,-1,csv_DESKTOP-APC2VEU\runs\20260830-181708_road_signs_binary_worker_1.csv,road_signs_binary,dataset/road_signs_binary,cuda,5,direct_encrypted_update,0.0,20,224,0.01,3,logs_DESKTOP-APC2VEU\road_signs_binary_run_1_ResNet18,ResNet18,1,2,8,4,static/plots_DESKTOP-APC2VEU\road_signs_binary_run_1_ResNet18,run_dataset_DESKTOP-APC2VEU\road_signs_binary_run_1_ResNet18,3224.330981731415,True,1
8,FedProx,16,0.9311797752808989,0.9313050402161587,0.1954323220030101,0.9336019845628202,0.9311797752808989,16,-1,-1,csv_DESKTOP-APC2VEU\runs\20260906-182710_road_signs_binary_worker_1.csv,road_signs_binary,dataset/road_signs_binary,cuda,5,direct_encrypted_update,0.05,20,224,0.001,3,logs_DESKTOP-APC2VEU\road_signs_binary_run_1_ResNet18,ResNet18,1,2,8,2,static/plots_DESKTOP-APC2VEU\road_signs_binary_run_1_ResNet18,run_dataset_DESKTOP-APC2VEU\road_signs_binary_run_1_ResNet18,1732.891331911087,True,1
8,FedAvg,16,0.925561797752809,0.9257438233826587,0.20524099421049102,0.9282613640258295,0.925561797752809,19,-1,-1,csv_DESKTOP-APC2VEU\runs\20260906-183405_road_signs_binary_worker_2.csv,road_signs_binary,dataset/road_signs_binary,cuda,5,direct_encrypted_update,0.0,20,224,0.001,3,logs_DESKTOP-APC2VEU\road_signs_binary_run_2_ResNet18,ResNet18,1,2,8,4,static/plots_DESKTOP-APC2VEU\road_signs_binary_run_2_ResNet18,run_dataset_DESKTOP-APC2VEU\road_signs_binary_run_2_ResNet18,2148.7396714687347,True,2
8,FedProx,16,0.9241573033707865,0.9242142974051155,0.21057124808430672,0.9260160672564165,0.9241573033707865,18,-1,-1,csv_DESKTOP-APC2VEU\runs\20260906-183430_road_signs_binary_worker_0.csv,road_signs_binary,dataset/road_signs_binary,cuda,5,direct_encrypted_update,0.05,20,224,0.001,3,logs_DESKTOP-APC2VEU\road_signs_binary_run_0_ResNet18,ResNet18,1,2,8,4,static/plots_DESKTOP-APC2VEU\road_signs_binary_run_0_ResNet18,run_dataset_DESKTOP-APC2VEU\road_signs_binary_run_0_ResNet18,2172.917734146118,True,0
8,FedLC,16,0.9382022471910112,0.9383094236759654,0.18051132996660774,0.9396746232214435,0.9382022471910112,19,-1,-1,csv_DESKTOP-APC2VEU\runs\20260906-185624_road_signs_binary_worker_1.csv,road_signs_binary,dataset/road_signs_binary,cuda,5,direct_encrypted_update,0.0,20,224,0.001,3,logs_DESKTOP-APC2VEU\road_signs_binary_run_1_ResNet18,ResNet18,1,2,8,2,static/plots_DESKTOP-APC2VEU\road_signs_binary_run_1_ResNet18,run_dataset_DESKTOP-APC2VEU\road_signs_binary_run_1_ResNet18,1717.4396123886108,True,1
8,FedAvg,16,0.9213483146067416,0.9215005584958781,0.24563797797714726,0.9234303113505706,0.9213483146067416,10,-1,-1,csv_DESKTOP-APC2VEU\runs\20260906-190326_road_signs_binary_worker_0.csv,road_signs_binary,dataset/road_signs_binary,cuda,5,direct_encrypted_update,0.0,20,224,0.0001,3,logs_DESKTOP-APC2VEU\road_signs_binary_run_0_ResNet18,ResNet18,1,2,8,2,static/plots_DESKTOP-APC2VEU\road_signs_binary_run_0_ResNet18,run_dataset_DESKTOP-APC2VEU\road_signs_binary_run_0_ResNet18,1699.4004306793213,True,0
8,FedLC,16,0.9339887640449438,0.9339450148633811,0.20432216923139737,0.9352805133396835,0.9339887640449438,18,-1,-1,csv_DESKTOP-APC2VEU\runs\20260906-191126_road_signs_binary_worker_2.csv,road_signs_binary,dataset/road_signs_binary,cuda,5,direct_encrypted_update,0.0,20,224,0.001,3,logs_DESKTOP-APC2VEU\road_signs_binary_run_2_ResNet18,ResNet18,1,2,8,4,static/plots_DESKTOP-APC2VEU\road_signs_binary_run_2_ResNet18,run_dataset_DESKTOP-APC2VEU\road_signs_binary_run_2_ResNet18,2203.537497282028,True,2
8,FedProx,16,0.9185393258426966,0.9186185437641249,0.22872101663601366,0.9196044737925603,0.9185393258426966,14,-1,-1,csv_DESKTOP-APC2VEU\runs\20260906-193234_road_signs_binary_worker_0.csv,road_signs_binary,dataset/road_signs_binary,cuda,5,direct_encrypted_update,0.05,20,224,0.0001,3,logs_DESKTOP-APC2VEU\road_signs_binary_run_0_ResNet18,ResNet18,1,2,8,2,static/plots_DESKTOP-APC2VEU\road_signs_binary_run_0_ResNet18,run_dataset_DESKTOP-APC2VEU\road_signs_binary_run_0_ResNet18,1710.9683182239532,True,0
8,FedAvg,16,0.9283707865168539,0.9284438605368225,0.22219891055078989,0.9300631667409163,0.9283707865168539,15,-1,-1,csv_DESKTOP-APC2VEU\runs\20260906-193312_road_signs_binary_worker_1.csv,road_signs_binary,dataset/road_signs_binary,cuda,5,direct_encrypted_update,0.0,20,224,0.0001,3,logs_DESKTOP-APC2VEU\road_signs_binary_run_1_ResNet18,ResNet18,1,2,8,4,static/plots_DESKTOP-APC2VEU\road_signs_binary_run_1_ResNet18,run_dataset_DESKTOP-APC2VEU\road_signs_binary_run_1_ResNet18,2170.8898844718933,True,1
8,FedProx,16,0.9213483146067416,0.92129719964269,0.23349928988792587,0.9228683624226584,0.9213483146067416,14,-1,-1,csv_DESKTOP-APC2VEU\runs\20260906-194815_road_signs_binary_worker_2.csv,road_signs_binary,dataset/road_signs_binary,cuda,5,direct_encrypted_update,0.05,20,224,0.0001,3,logs_DESKTOP-APC2VEU\road_signs_binary_run_2_ResNet18,ResNet18,1,2,8,4,static/plots_DESKTOP-APC2VEU\road_signs_binary_run_2_ResNet18,run_dataset_DESKTOP-APC2VEU\road_signs_binary_run_2_ResNet18,2172.177225112915,True,2
8,FedLC,16,0.9185393258426966,0.9186913482355065,0.22793938064675653,0.920346775276201,0.9185393258426966,16,-1,-1,csv_DESKTOP-APC2VEU\runs\20260906-200205_road_signs_binary_worker_0.csv,road_signs_binary,dataset/road_signs_binary,cuda,5,direct_encrypted_update,0.0,20,224,0.0001,3,logs_DESKTOP-APC2VEU\road_signs_binary_run_0_ResNet18,ResNet18,1,2,8,2,static/plots_DESKTOP-APC2VEU\road_signs_binary_run_0_ResNet18,run_dataset_DESKTOP-APC2VEU\road_signs_binary_run_0_ResNet18,1733.701453924179,True,0
8,FedLC,16,0.9185393258426966,0.9188089679950414,0.23211979239216346,0.9217068800844277,0.9185393258426966,14,-1,-1,csv_DESKTOP-APC2VEU\runs\20260906-201008_road_signs_binary_worker_1.csv,road_signs_binary,dataset/road_signs_binary,cuda,5,direct_encrypted_update,0.0,20,224,0.0001,3,logs_DESKTOP-APC2VEU\road_signs_binary_run_1_ResNet18,ResNet18,1,2,8,4,static/plots_DESKTOP-APC2VEU\road_signs_binary_run_1_ResNet18,run_dataset_DESKTOP-APC2VEU\road_signs_binary_run_1_ResNet18,2178.8585317134857,True,1
10,FedAvg,16,0.5774647887323944,0.4227867203219316,0.6811162409648089,0.33346558222574885,0.5774647887323944,1,-1,-1,csv_DESKTOP-APC2VEU\runs\20260906-202400_road_signs_binary_worker_2.csv,road_signs_binary,dataset/road_signs_binary,cuda,5,direct_encrypted_update,0.0,20,224,0.01,3,logs_DESKTOP-APC2VEU\road_signs_binary_run_2_ResNet18,ResNet18,1,2,10,2,static/plots_DESKTOP-APC2VEU\road_signs_binary_run_2_ResNet18,run_dataset_DESKTOP-APC2VEU\road_signs_binary_run_2_ResNet18,2107.7407915592194,True,2
10,FedProx,16,0.8873239436619719,0.8875264488728458,0.22389266999359703,0.9072637641768451,0.8873239436619719,16,-1,-1,csv_DESKTOP-APC2VEU\runs\20260906-204609_road_signs_binary_worker_1.csv,road_signs_binary,dataset/road_signs_binary,cuda,5,direct_encrypted_update,0.05,20,224,0.01,3,logs_DESKTOP-APC2VEU\road_signs_binary_run_1_ResNet18,ResNet18,1,2,10,2,static/plots_DESKTOP-APC2VEU\road_signs_binary_run_1_ResNet18,run_dataset_DESKTOP-APC2VEU\road_signs_binary_run_1_ResNet18,2123.47278380394,True,1
10,FedAvg,16,0.5774647887323944,0.4227867203219316,0.6812555899082775,0.33346558222574885,0.5774647887323944,1,-1,-1,csv_DESKTOP-APC2VEU\runs\20260906-204727_road_signs_binary_worker_0.csv,road_signs_binary,dataset/road_signs_binary,cuda,5,direct_encrypted_update,0.0,20,224,0.01,3,logs_DESKTOP-APC2VEU\road_signs_binary_run_0_ResNet18,ResNet18,1,2,10,4,static/plots_DESKTOP-APC2VEU\road_signs_binary_run_0_ResNet18,run_dataset_DESKTOP-APC2VEU\road_signs_binary_run_0_ResNet18,2685.235432624817,True,0
10,FedProx,16,0.9140845070422535,0.9134343800396402,0.3644808556832058,0.9163097510205915,0.9140845070422535,4,-1,-1,csv_DESKTOP-APC2VEU\runs\20260906-210955_road_signs_binary_worker_2.csv,road_signs_binary,dataset/road_signs_binary,cuda,5,direct_encrypted_update,0.05,20,224,0.01,3,logs_DESKTOP-APC2VEU\road_signs_binary_run_2_ResNet18,ResNet18,1,2,10,4,static/plots_DESKTOP-APC2VEU\road_signs_binary_run_2_ResNet18,run_dataset_DESKTOP-APC2VEU\road_signs_binary_run_2_ResNet18,2717.17826461792,True,2
10,FedLC,16,0.9028169014084507,0.9031521811974585,0.3046547894326734,0.9109561078036473,0.9028169014084507,17,-1,-1,csv_DESKTOP-APC2VEU\runs\20260906-212228_road_signs_binary_worker_1.csv,road_signs_binary,dataset/road_signs_binary,cuda,5,direct_encrypted_update,0.0,20,224,0.01,3,logs_DESKTOP-APC2VEU\road_signs_binary_run_1_ResNet18,ResNet18,1,2,10,2,static/plots_DESKTOP-APC2VEU\road_signs_binary_run_1_ResNet18,run_dataset_DESKTOP-APC2VEU\road_signs_binary_run_1_ResNet18,2141.5874400138855,True,1
10,FedLC,16,0.5774647887323944,0.4227867203219316,0.6817184686660767,0.33346558222574885,0.5774647887323944,1,-1,-1,csv_DESKTOP-APC2VEU\runs\20260906-213300_road_signs_binary_worker_0.csv,road_signs_binary,dataset/road_signs_binary,cuda,5,direct_encrypted_update,0.0,20,224,0.01,3,logs_DESKTOP-APC2VEU\road_signs_binary_run_0_ResNet18,ResNet18,1,2,10,4,static/plots_DESKTOP-APC2VEU\road_signs_binary_run_0_ResNet18,run_dataset_DESKTOP-APC2VEU\road_signs_binary_run_0_ResNet18,2695.38436794281,True,0
10,FedAvg,16,0.9507042253521126,0.9507918804132997,0.16302192592599862,0.9537478712308312,0.9507042253521126,18,-1,-1,csv_DESKTOP-APC2VEU\runs\20260906-214609_road_signs_binary_worker_2.csv,road_signs_binary,dataset/road_signs_binary,cuda,5,direct_encrypted_update,0.0,20,224,0.001,3,logs_DESKTOP-APC2VEU\road_signs_binary_run_2_ResNet18,ResNet18,1,2,10,2,static/plots_DESKTOP-APC2VEU\road_signs_binary_run_2_ResNet18,run_dataset_DESKTOP-APC2VEU\road_signs_binary_run_2_ResNet18,2137.0905780792236,True,2
10,FedAvg,16,0.9169014084507042,0.9172116836082466,0.20915758902023376,0.9261566134008903,0.9169014084507042,18,-1,-1,csv_DESKTOP-APC2VEU\runs\20260906-220851_road_signs_binary_worker_1.csv,road_signs_binary,dataset/road_signs_binary,cuda,5,direct_encrypted_update,0.0,20,224,0.001,3,logs_DESKTOP-APC2VEU\road_signs_binary_run_1_ResNet18,ResNet18,1,2,10,4,static/plots_DESKTOP-APC2VEU\road_signs_binary_run_1_ResNet18,run_dataset_DESKTOP-APC2VEU\road_signs_binary_run_1_ResNet18,2745.9300594329834,True,1
10,FedProx,16,0.9478873239436619,0.9480887266451112,0.16434472103826178,0.9521215362297376,0.9478873239436619,18,-1,-1,csv_DESKTOP-APC2VEU\runs\20260906-220912_road_signs_binary_worker_0.csv,road_signs_binary,dataset/road_signs_binary,cuda,5,direct_encrypted_update,0.05,20,224,0.001,3,logs_DESKTOP-APC2VEU\road_signs_binary_run_0_ResNet18,ResNet18,1,2,10,2,static/plots_DESKTOP-APC2VEU\road_signs_binary_run_0_ResNet18,run_dataset_DESKTOP-APC2VEU\road_signs_binary_run_0_ResNet18,2135.1097536087036,True,0
10,FedProx,16,0.9352112676056338,0.9354911930120479,0.18639747015344846,0.9394651072159623,0.9352112676056338,19,-1,-1,csv_DESKTOP-APC2VEU\runs\20260906-223228_road_signs_binary_worker_2.csv,road_signs_binary,dataset/road_signs_binary,cuda,5,direct_encrypted_update,0.05,20,224,0.001,3,logs_DESKTOP-APC2VEU\road_signs_binary_run_2_ResNet18,ResNet18,1,2,10,4,static/plots_DESKTOP-APC2VEU\road_signs_binary_run_2_ResNet18,run_dataset_DESKTOP-APC2VEU\road_signs_binary_run_2_ResNet18,2742.1909980773926,True,2
10,FedLC,16,0.9464788732394366,0.9466165595318916,0.16577578707742438,0.9495910330542546,0.9464788732394366,19,-1,-1,csv_DESKTOP-APC2VEU\runs\20260906-224517_road_signs_binary_worker_1.csv,road_signs_binary,dataset/road_signs_binary,cuda,5,direct_encrypted_update,0.0,20,224,0.001,3,logs_DESKTOP-APC2VEU\road_signs_binary_run_1_ResNet18,ResNet18,1,2,10,2,static/plots_DESKTOP-APC2VEU\road_signs_binary_run_1_ResNet18,run_dataset_DESKTOP-APC2VEU\road_signs_binary_run_1_ResNet18,2148.818286418915,True,1
10,FedLC,16,0.923943661971831,0.924243710262026,0.20007659108181236,0.9313672199437193,0.923943661971831,19,-1,-1,csv_DESKTOP-APC2VEU\runs\20260906-225616_road_signs_binary_worker_0.csv,road_signs_binary,dataset/road_signs_binary,cuda,5,direct_encrypted_update,0.0,20,224,0.001,3,logs_DESKTOP-APC2VEU\road_signs_binary_run_0_ResNet18,ResNet18,1,2,10,4,static/plots_DESKTOP-APC2VEU\road_signs_binary_run_0_ResNet18,run_dataset_DESKTOP-APC2VEU\road_signs_binary_run_0_ResNet18,2780.9272770881653,True,0
10,FedAvg,16,0.9140845070422535,0.914425908322431,0.20418879718218053,0.9211032590767336,0.9140845070422535,18,-1,-1,csv_DESKTOP-APC2VEU\runs\20260906-230909_road_signs_binary_worker_2.csv,road_signs_binary,dataset/road_signs_binary,cuda,5,direct_encrypted_update,0.0,20,224,0.0001,3,logs_DESKTOP-APC2VEU\road_signs_binary_run_2_ResNet18,ResNet18,1,2,10,2,static/plots_DESKTOP-APC2VEU\road_signs_binary_run_2_ResNet18,run_dataset_DESKTOP-APC2VEU\road_signs_binary_run_2_ResNet18,2163.1906270980835,True,2
10,FedAvg,16,0.9197183098591549,0.9199632780973965,0.19784619933335293,0.9236724603392106,0.9197183098591549,16,-1,-1,csv_DESKTOP-APC2VEU\runs\20260906-233213_road_signs_binary_worker_1.csv,road_signs_binary,dataset/road_signs_binary,cuda,5,direct_encrypted_update,0.0,20,224,0.0001,3,logs_DESKTOP-APC2VEU\road_signs_binary_run_1_ResNet18,ResNet18,1,2,10,4,static/plots_DESKTOP-APC2VEU\road_signs_binary_run_1_ResNet18,run_dataset_DESKTOP-APC2VEU\road_signs_binary_run_1_ResNet18,2779.3494737148285,True,1
10,FedProx,16,0.9169014084507042,0.9171146698119714,0.20648661440002247,0.9209642824434905,0.9169014084507042,16,-1,-1,csv_DESKTOP-APC2VEU\runs\20260906-233306_road_signs_binary_worker_0.csv,road_signs_binary,dataset/road_signs_binary,cuda,5,direct_encrypted_update,0.05,20,224,0.0001,3,logs_DESKTOP-APC2VEU\road_signs_binary_run_0_ResNet18,ResNet18,1,2,10,2,static/plots_DESKTOP-APC2VEU\road_signs_binary_run_0_ResNet18,run_dataset_DESKTOP-APC2VEU\road_signs_binary_run_0_ResNet18,2172.2835490703583,True,0
10,FedProx,16,0.9112676056338028,0.9115435926619023,0.20566546366563146,0.9162974057592632,0.9112676056338028,19,-1,-1,csv_DESKTOP-APC2VEU\runs\20260906-235608_road_signs_binary_worker_2.csv,road_signs_binary,dataset/road_signs_binary,cuda,5,direct_encrypted_update,0.05,20,224,0.0001,3,logs_DESKTOP-APC2VEU\road_signs_binary_run_2_ResNet18,ResNet18,1,2,10,4,static/plots_DESKTOP-APC2VEU\road_signs_binary_run_2_ResNet18,run_dataset_DESKTOP-APC2VEU\road_signs_binary_run_2_ResNet18,2782.0565536022186,True,2
4,FedAvg,16,0.9480337078651685,0.9480208351782021,0.4161895327610734,0.9481457967550463,0.9480337078651685,15,-1,-1,csv_DESKTOP-APC2VEU\runs\20260907-000721_road_signs_binary_worker_2.csv,road_signs_binary,dataset/road_signs_binary,cuda,5,direct_encrypted_update,0.0,20,224,0.01,3,logs_DESKTOP-APC2VEU\road_signs_binary_run_2_DeiT-Tiny,DeiT-Tiny,1,2,4,2,static/plots_DESKTOP-APC2VEU\road_signs_binary_run_2_DeiT-Tiny,run_dataset_DESKTOP-APC2VEU\road_signs_binary_run_2_DeiT-Tiny,634.7613747119904,True,2
10,FedLC,16,0.9154929577464789,0.9157721421366877,0.19188237599503827,0.9198165994058888,0.9154929577464789,18,-1,-1,csv_DESKTOP-APC2VEU\runs\20260907-000942_road_signs_binary_worker_1.csv,road_signs_binary,dataset/road_signs_binary,cuda,5,direct_encrypted_update,0.0,20,224,0.0001,3,logs_DESKTOP-APC2VEU\road_signs_binary_run_1_ResNet18,ResNet18,1,2,10,2,static/plots_DESKTOP-APC2VEU\road_signs_binary_run_1_ResNet18,run_dataset_DESKTOP-APC2VEU\road_signs_binary_run_1_ResNet18,2211.83443069458,True,1
10,FedLC,16,0.9183098591549296,0.9184937715100331,0.19246179579271816,0.9220481780453316,0.9183098591549296,18,-1,-1,csv_DESKTOP-APC2VEU\runs\20260907-002041_road_signs_binary_worker_0.csv,road_signs_binary,dataset/road_signs_binary,cuda,5,direct_encrypted_update,0.0,20,224,0.0001,3,logs_DESKTOP-APC2VEU\road_signs_binary_run_0_ResNet18,ResNet18,1,2,10,4,static/plots_DESKTOP-APC2VEU\road_signs_binary_run_0_ResNet18,run_dataset_DESKTOP-APC2VEU\road_signs_binary_run_0_ResNet18,2818.301157474518,True,0
4,FedProx,16,0.9480337078651685,0.9480687760661529,0.20668279636676457,0.9494289703345274,0.9480337078651685,17,-1,-1,csv_DESKTOP-APC2VEU\runs\20260907-002118_road_signs_binary_worker_1.csv,road_signs_binary,dataset/road_signs_binary,cuda,5,direct_encrypted_update,0.05,20,224,0.01,3,logs_DESKTOP-APC2VEU\road_signs_binary_run_1_DeiT-Tiny,DeiT-Tiny,1,2,4,2,static/plots_DESKTOP-APC2VEU\road_signs_binary_run_1_DeiT-Tiny,run_dataset_DESKTOP-APC2VEU\road_signs_binary_run_1_DeiT-Tiny,657.8929436206818,True,1
4,FedAvg,16,0.8174157303370787,0.816032065624575,0.5565189952763279,0.8696449515143296,0.8174157303370787,2,-1,-1,csv_DESKTOP-APC2VEU\runs\20260907-002331_road_signs_binary_worker_2.csv,road_signs_binary,dataset/road_signs_binary,cuda,5,direct_encrypted_update,0.0,20,224,0.01,3,logs_DESKTOP-APC2VEU\road_signs_binary_run_2_DeiT-Tiny,DeiT-Tiny,1,2,4,4,static/plots_DESKTOP-APC2VEU\road_signs_binary_run_2_DeiT-Tiny,run_dataset_DESKTOP-APC2VEU\road_signs_binary_run_2_DeiT-Tiny,932.1709611415863,True,2
4,FedLC,16,0.9269662921348315,0.9272097550093299,0.2938418567769741,0.9296510650363942,0.9269662921348315,7,-1,-1,csv_DESKTOP-APC2VEU\runs\20260907-002730_road_signs_binary_worker_1.csv,road_signs_binary,dataset/road_signs_binary,cuda,5,direct_encrypted_update,0.0,20,224,0.01,3,logs_DESKTOP-APC2VEU\road_signs_binary_run_1_DeiT-Tiny,DeiT-Tiny,1,2,4,2,static/plots_DESKTOP-APC2VEU\road_signs_binary_run_1_DeiT-Tiny,run_dataset_DESKTOP-APC2VEU\road_signs_binary_run_1_DeiT-Tiny,334.73936104774475,True,1
4,FedLC,16,0.8623595505617978,0.8628197379157296,0.46819240934728235,0.8897443986805695,0.8623595505617978,5,-1,-1,csv_DESKTOP-APC2VEU\runs\20260907-003314_road_signs_binary_worker_2.csv,road_signs_binary,dataset/road_signs_binary,cuda,5,direct_encrypted_update,0.0,20,224,0.01,3,logs_DESKTOP-APC2VEU\road_signs_binary_run_2_DeiT-Tiny,DeiT-Tiny,1,2,4,4,static/plots_DESKTOP-APC2VEU\road_signs_binary_run_2_DeiT-Tiny,run_dataset_DESKTOP-APC2VEU\road_signs_binary_run_2_DeiT-Tiny,546.0087306499481,True,2
4,FedAvg,16,0.949438202247191,0.949290717002611,0.22298956992579386,0.9496660441884975,0.949438202247191,9,-1,-1,csv_DESKTOP-APC2VEU\runs\20260907-003443_road_signs_binary_worker_1.csv,road_signs_binary,dataset/road_signs_binary,cuda,5,direct_encrypted_update,0.0,20,224,0.001,3,logs_DESKTOP-APC2VEU\road_signs_binary_run_1_DeiT-Tiny,DeiT-Tiny,1,2,4,2,static/plots_DESKTOP-APC2VEU\road_signs_binary_run_1_DeiT-Tiny,run_dataset_DESKTOP-APC2VEU\road_signs_binary_run_1_DeiT-Tiny,395.32049202919006,True,1
4,FedProx,16,0.9311797752808989,0.9308172925402487,0.21820691516727544,0.9318724551979121,0.9311797752808989,10,-1,-1,csv_DESKTOP-APC2VEU\runs\20260907-003656_road_signs_binary_worker_0.csv,road_signs_binary,dataset/road_signs_binary,cuda,5,direct_encrypted_update,0.05,20,224,0.01,3,logs_DESKTOP-APC2VEU\road_signs_binary_run_0_DeiT-Tiny,DeiT-Tiny,1,2,4,4,static/plots_DESKTOP-APC2VEU\road_signs_binary_run_0_DeiT-Tiny,run_dataset_DESKTOP-APC2VEU\road_signs_binary_run_0_DeiT-Tiny,936.8529586791992,True,0
4,FedProx,16,0.9466292134831461,0.9464360542121214,0.17237612326352156,0.9471071035838751,0.9466292134831461,6,-1,-1,csv_DESKTOP-APC2VEU\runs\20260907-004206_road_signs_binary_worker_1.csv,road_signs_binary,dataset/road_signs_binary,cuda,5,direct_encrypted_update,0.05,20,224,0.001,3,logs_DESKTOP-APC2VEU\road_signs_binary_run_1_DeiT-Tiny,DeiT-Tiny,1,2,4,2,static/plots_DESKTOP-APC2VEU\road_signs_binary_run_1_DeiT-Tiny,run_dataset_DESKTOP-APC2VEU\road_signs_binary_run_1_DeiT-Tiny,404.6705949306488,True,1
4,FedLC,16,0.9480337078651685,0.947890132346477,0.18032389588842399,0.9483793033350936,0.9480337078651685,3,-1,-1,csv_DESKTOP-APC2VEU\runs\20260907-004836_road_signs_binary_worker_1.csv,road_signs_binary,dataset/road_signs_binary,cuda,5,direct_encrypted_update,0.0,20,224,0.001,3,logs_DESKTOP-APC2VEU\road_signs_binary_run_1_DeiT-Tiny,DeiT-Tiny,1,2,4,2,static/plots_DESKTOP-APC2VEU\road_signs_binary_run_1_DeiT-Tiny,run_dataset_DESKTOP-APC2VEU\road_signs_binary_run_1_DeiT-Tiny,353.33561730384827,True,1
4,FedAvg,16,0.952247191011236,0.9521134960688794,0.17770959882435503,0.9525375453266991,0.952247191011236,10,-1,-1,csv_DESKTOP-APC2VEU\runs\20260907-004944_road_signs_binary_worker_2.csv,road_signs_binary,dataset/road_signs_binary,cuda,5,direct_encrypted_update,0.0,20,224,0.001,3,logs_DESKTOP-APC2VEU\road_signs_binary_run_2_DeiT-Tiny,DeiT-Tiny,1,2,4,4,static/plots_DESKTOP-APC2VEU\road_signs_binary_run_2_DeiT-Tiny,run_dataset_DESKTOP-APC2VEU\road_signs_binary_run_2_DeiT-Tiny,952.457857131958,True,2
4,FedProx,16,0.9480337078651685,0.9478782552258663,0.19292772965308758,0.9482297782567751,0.9480337078651685,17,-1,-1,csv_DESKTOP-APC2VEU\runs\20260907-005329_road_signs_binary_worker_0.csv,road_signs_binary,dataset/road_signs_binary,cuda,5,direct_encrypted_update,0.05,20,224,0.001,3,logs_DESKTOP-APC2VEU\road_signs_binary_run_0_DeiT-Tiny,DeiT-Tiny,1,2,4,4,static/plots_DESKTOP-APC2VEU\road_signs_binary_run_0_DeiT-Tiny,run_dataset_DESKTOP-APC2VEU\road_signs_binary_run_0_DeiT-Tiny,955.3958625793457,True,0
4,FedLC,16,0.9466292134831461,0.9465423441608449,0.1868519934920759,0.9467948897304859,0.9466292134831461,9,-1,-1,csv_DESKTOP-APC2VEU\runs\20260907-005755_road_signs_binary_worker_1.csv,road_signs_binary,dataset/road_signs_binary,cuda,5,direct_encrypted_update,0.0,20,224,0.001,3,logs_DESKTOP-APC2VEU\road_signs_binary_run_1_DeiT-Tiny,DeiT-Tiny,1,2,4,4,static/plots_DESKTOP-APC2VEU\road_signs_binary_run_1_DeiT-Tiny,run_dataset_DESKTOP-APC2VEU\road_signs_binary_run_1_DeiT-Tiny,521.2072229385376,True,1
4,FedAvg,16,0.9424157303370787,0.9421259557994311,0.17520594088036273,0.9430797491556892,0.9424157303370787,17,-1,-1,csv_DESKTOP-APC2VEU\runs\20260907-010154_road_signs_binary_worker_2.csv,road_signs_binary,dataset/road_signs_binary,cuda,5,direct_encrypted_update,0.0,20,224,0.0001,3,logs_DESKTOP-APC2VEU\road_signs_binary_run_2_DeiT-Tiny,DeiT-Tiny,1,2,4,2,static/plots_DESKTOP-APC2VEU\road_signs_binary_run_2_DeiT-Tiny,run_dataset_DESKTOP-APC2VEU\road_signs_binary_run_2_DeiT-Tiny,692.3375215530396,True,2
4,FedAvg,16,0.9438202247191011,0.9436538610158338,0.19055030012524196,0.9440369982988437,0.9438202247191011,18,-1,-1,csv_DESKTOP-APC2VEU\runs\20260907-010950_road_signs_binary_worker_0.csv,road_signs_binary,dataset/road_signs_binary,cuda,5,direct_encrypted_update,0.0,20,224,0.0001,3,logs_DESKTOP-APC2VEU\road_signs_binary_run_0_DeiT-Tiny,DeiT-Tiny,1,2,4,4,static/plots_DESKTOP-APC2VEU\road_signs_binary_run_0_DeiT-Tiny,run_dataset_DESKTOP-APC2VEU\road_signs_binary_run_0_DeiT-Tiny,943.0740256309509,True,0
4,FedProx,16,0.9367977528089888,0.9365556635920372,0.171391588332278,0.937308165671228,0.9367977528089888,17,-1,-1,csv_DESKTOP-APC2VEU\runs\20260907-011041_road_signs_binary_worker_1.csv,road_signs_binary,dataset/road_signs_binary,cuda,5,direct_encrypted_update,0.05,20,224,0.0001,3,logs_DESKTOP-APC2VEU\road_signs_binary_run_1_DeiT-Tiny,DeiT-Tiny,1,2,4,2,static/plots_DESKTOP-APC2VEU\road_signs_binary_run_1_DeiT-Tiny,run_dataset_DESKTOP-APC2VEU\road_signs_binary_run_1_DeiT-Tiny,728.6775894165039,True,1
4,FedProx,16,0.9367977528089888,0.936641522945768,0.18161565475584415,0.9369254236957247,0.9367977528089888,16,-1,-1,csv_DESKTOP-APC2VEU\runs\20260907-011908_road_signs_binary_worker_2.csv,road_signs_binary,dataset/road_signs_binary,cuda,5,direct_encrypted_update,0.05,20,224,0.0001,3,logs_DESKTOP-APC2VEU\road_signs_binary_run_2_DeiT-Tiny,DeiT-Tiny,1,2,4,4,static/plots_DESKTOP-APC2VEU\road_signs_binary_run_2_DeiT-Tiny,run_dataset_DESKTOP-APC2VEU\road_signs_binary_run_2_DeiT-Tiny,996.4024920463562,True,2
4,FedLC,16,0.9353932584269663,0.9351387586565888,0.17162453560577182,0.9357671691590046,0.9353932584269663,18,-1,-1,csv_DESKTOP-APC2VEU\runs\20260907-012152_road_signs_binary_worker_0.csv,road_signs_binary,dataset/road_signs_binary,cuda,5,direct_encrypted_update,0.0,20,224,0.0001,3,logs_DESKTOP-APC2VEU\road_signs_binary_run_0_DeiT-Tiny,DeiT-Tiny,1,2,4,2,static/plots_DESKTOP-APC2VEU\road_signs_binary_run_0_DeiT-Tiny,run_dataset_DESKTOP-APC2VEU\road_signs_binary_run_0_DeiT-Tiny,684.7477011680603,True,0
4,FedLC,16,0.9424157303370787,0.9422661171865164,0.1928533785586511,0.9425894589777921,0.9424157303370787,19,-1,-1,csv_DESKTOP-APC2VEU\runs\20260907-012712_road_signs_binary_worker_1.csv,road_signs_binary,dataset/road_signs_binary,cuda,5,direct_encrypted_update,0.0,20,224,0.0001,3,logs_DESKTOP-APC2VEU\road_signs_binary_run_1_DeiT-Tiny,DeiT-Tiny,1,2,4,4,static/plots_DESKTOP-APC2VEU\road_signs_binary_run_1_DeiT-Tiny,run_dataset_DESKTOP-APC2VEU\road_signs_binary_run_1_DeiT-Tiny,952.8779947757721,True,1
8,FedAvg,16,0.9396067415730337,0.9398092939757354,0.2778734154055834,0.9416387528072783,0.9396067415730337,19,-1,-1,csv_DESKTOP-APC2VEU\runs\20260907-013631_road_signs_binary_worker_2.csv,road_signs_binary,dataset/road_signs_binary,cuda,5,direct_encrypted_update,0.0,20,224,0.01,3,logs_DESKTOP-APC2VEU\road_signs_binary_run_2_DeiT-Tiny,DeiT-Tiny,1,2,8,2,static/plots_DESKTOP-APC2VEU\road_signs_binary_run_2_DeiT-Tiny,run_dataset_DESKTOP-APC2VEU\road_signs_binary_run_2_DeiT-Tiny,1004.8132064342499,True,2
8,FedProx,16,0.9410112359550562,0.9411738872138872,0.1459129319834952,0.9424075940337497,0.9410112359550562,19,-1,-1,csv_DESKTOP-APC2VEU\runs\20260907-014452_road_signs_binary_worker_1.csv,road_signs_binary,dataset/road_signs_binary,cuda,5,direct_encrypted_update,0.05,20,224,0.01,3,logs_DESKTOP-APC2VEU\road_signs_binary_run_1_DeiT-Tiny,DeiT-Tiny,1,2,8,2,static/plots_DESKTOP-APC2VEU\road_signs_binary_run_1_DeiT-Tiny,run_dataset_DESKTOP-APC2VEU\road_signs_binary_run_1_DeiT-Tiny,1022.533150434494,True,1
8,FedAvg,16,0.7724719101123596,0.7481902738057782,0.5282282098039482,0.8344677677523606,0.7724719101123596,5,-1,-1,csv_DESKTOP-APC2VEU\runs\20260907-014717_road_signs_binary_worker_0.csv,road_signs_binary,dataset/road_signs_binary,cuda,5,direct_encrypted_update,0.0,20,224,0.01,3,logs_DESKTOP-APC2VEU\road_signs_binary_run_0_DeiT-Tiny,DeiT-Tiny,1,2,8,4,static/plots_DESKTOP-APC2VEU\road_signs_binary_run_0_DeiT-Tiny,run_dataset_DESKTOP-APC2VEU\road_signs_binary_run_0_DeiT-Tiny,1487.5111091136932,True,0
8,FedLC,16,0.9325842696629213,0.932892515076893,0.34412930495291427,0.9369922803714745,0.9325842696629213,19,-1,-1,csv_DESKTOP-APC2VEU\runs\20260907-020138_road_signs_binary_worker_1.csv,road_signs_binary,dataset/road_signs_binary,cuda,5,direct_encrypted_update,0.0,20,224,0.01,3,logs_DESKTOP-APC2VEU\road_signs_binary_run_1_DeiT-Tiny,DeiT-Tiny,1,2,8,2,static/plots_DESKTOP-APC2VEU\road_signs_binary_run_1_DeiT-Tiny,run_dataset_DESKTOP-APC2VEU\road_signs_binary_run_1_DeiT-Tiny,968.2234597206116,True,1
8,FedProx,16,0.9480337078651685,0.9476383809230114,0.17349473902892865,0.9498059910068121,0.9480337078651685,17,-1,-1,csv_DESKTOP-APC2VEU\runs\20260907-020202_road_signs_binary_worker_2.csv,road_signs_binary,dataset/road_signs_binary,cuda,5,direct_encrypted_update,0.05,20,224,0.01,3,logs_DESKTOP-APC2VEU\road_signs_binary_run_2_DeiT-Tiny,DeiT-Tiny,1,2,8,4,static/plots_DESKTOP-APC2VEU\road_signs_binary_run_2_DeiT-Tiny,run_dataset_DESKTOP-APC2VEU\road_signs_binary_run_2_DeiT-Tiny,1493.957849264145,True,2
8,FedLC,16,0.8904494382022472,0.8869426796821384,0.44143590565477864,0.9051682704920314,0.8904494382022472,6,-1,-1,csv_DESKTOP-APC2VEU\runs\20260907-021243_road_signs_binary_worker_0.csv,road_signs_binary,dataset/road_signs_binary,cuda,5,direct_encrypted_update,0.0,20,224,0.01,3,logs_DESKTOP-APC2VEU\road_signs_binary_run_0_DeiT-Tiny,DeiT-Tiny,1,2,8,4,static/plots_DESKTOP-APC2VEU\road_signs_binary_run_0_DeiT-Tiny,run_dataset_DESKTOP-APC2VEU\road_signs_binary_run_0_DeiT-Tiny,1488.9809107780457,True,0
8,FedAvg,16,0.9480337078651685,0.9481766875041855,0.17157721437260068,0.9497209172389802,0.9480337078651685,19,-1,-1,csv_DESKTOP-APC2VEU\runs\20260907-021838_road_signs_binary_worker_1.csv,road_signs_binary,dataset/road_signs_binary,cuda,5,direct_encrypted_update,0.0,20,224,0.001,3,logs_DESKTOP-APC2VEU\road_signs_binary_run_1_DeiT-Tiny,DeiT-Tiny,1,2,8,2,static/plots_DESKTOP-APC2VEU\road_signs_binary_run_1_DeiT-Tiny,run_dataset_DESKTOP-APC2VEU\road_signs_binary_run_1_DeiT-Tiny,982.4890158176422,True,1
8,FedAvg,16,0.9452247191011236,0.9453504562900856,0.16627141480658497,0.9463446581169047,0.9452247191011236,11,-1,-1,csv_DESKTOP-APC2VEU\runs\20260907-022802_road_signs_binary_worker_2.csv,road_signs_binary,dataset/road_signs_binary,cuda,5,direct_encrypted_update,0.0,20,224,0.001,3,logs_DESKTOP-APC2VEU\road_signs_binary_run_2_DeiT-Tiny,DeiT-Tiny,1,2,8,4,static/plots_DESKTOP-APC2VEU\road_signs_binary_run_2_DeiT-Tiny,run_dataset_DESKTOP-APC2VEU\road_signs_binary_run_2_DeiT-Tiny,1522.1164619922638,True,2
8,FedProx,16,0.9438202247191011,0.9439503214006477,0.15369056532776842,0.9456427993029819,0.9438202247191011,13,-1,-1,csv_DESKTOP-APC2VEU\runs\20260907-022940_road_signs_binary_worker_0.csv,road_signs_binary,dataset/road_signs_binary,cuda,5,direct_encrypted_update,0.05,20,224,0.001,3,logs_DESKTOP-APC2VEU\road_signs_binary_run_0_DeiT-Tiny,DeiT-Tiny,1,2,8,2,static/plots_DESKTOP-APC2VEU\road_signs_binary_run_0_DeiT-Tiny,run_dataset_DESKTOP-APC2VEU\road_signs_binary_run_0_DeiT-Tiny,978.5910487174988,True,0
8,FedProx,16,0.9480337078651685,0.9481428235965425,0.1447427233653614,0.949363819423456,0.9480337078651685,15,-1,-1,csv_DESKTOP-APC2VEU\runs\20260907-024416_road_signs_binary_worker_1.csv,road_signs_binary,dataset/road_signs_binary,cuda,5,direct_encrypted_update,0.05,20,224,0.001,3,logs_DESKTOP-APC2VEU\road_signs_binary_run_1_DeiT-Tiny,DeiT-Tiny,1,2,8,4,static/plots_DESKTOP-APC2VEU\road_signs_binary_run_1_DeiT-Tiny,run_dataset_DESKTOP-APC2VEU\road_signs_binary_run_1_DeiT-Tiny,1500.767940044403,True,1
8,FedLC,16,0.9452247191011236,0.9453274242269375,0.15984131695095743,0.9463622208676422,0.9452247191011236,17,-1,-1,csv_DESKTOP-APC2VEU\runs\20260907-024459_road_signs_binary_worker_2.csv,road_signs_binary,dataset/road_signs_binary,cuda,5,direct_encrypted_update,0.0,20,224,0.001,3,logs_DESKTOP-APC2VEU\road_signs_binary_run_2_DeiT-Tiny,DeiT-Tiny,1,2,8,2,static/plots_DESKTOP-APC2VEU\road_signs_binary_run_2_DeiT-Tiny,run_dataset_DESKTOP-APC2VEU\road_signs_binary_run_2_DeiT-Tiny,979.6795198917389,True,2
8,FedLC,16,0.9452247191011236,0.945386698156558,0.171171803257279,0.9466985310136234,0.9452247191011236,19,-1,-1,csv_DESKTOP-APC2VEU\runs\20260907-025544_road_signs_binary_worker_0.csv,road_signs_binary,dataset/road_signs_binary,cuda,5,direct_encrypted_update,0.0,20,224,0.001,3,logs_DESKTOP-APC2VEU\road_signs_binary_run_0_DeiT-Tiny,DeiT-Tiny,1,2,8,4,static/plots_DESKTOP-APC2VEU\road_signs_binary_run_0_DeiT-Tiny,run_dataset_DESKTOP-APC2VEU\road_signs_binary_run_0_DeiT-Tiny,1513.9474143981934,True,0
8,FedAvg,16,0.9297752808988764,0.9297580155230117,0.16982324604792626,0.9305322959614339,0.9297752808988764,19,-1,-1,csv_DESKTOP-APC2VEU\runs\20260907-030138_road_signs_binary_worker_1.csv,road_signs_binary,dataset/road_signs_binary,cuda,5,direct_encrypted_update,0.0,20,224,0.0001,3,logs_DESKTOP-APC2VEU\road_signs_binary_run_1_DeiT-Tiny,DeiT-Tiny,1,2,8,2,static/plots_DESKTOP-APC2VEU\road_signs_binary_run_1_DeiT-Tiny,run_dataset_DESKTOP-APC2VEU\road_signs_binary_run_1_DeiT-Tiny,1003.890468120575,True,1
8,FedAvg,16,0.9325842696629213,0.9325531892290276,0.1726319976412597,0.9330043691252244,0.9325842696629213,19,-1,-1,csv_DESKTOP-APC2VEU\runs\20260907-031036_road_signs_binary_worker_2.csv,road_signs_binary,dataset/road_signs_binary,cuda,5,direct_encrypted_update,0.0,20,224,0.0001,3,logs_DESKTOP-APC2VEU\road_signs_binary_run_2_DeiT-Tiny,DeiT-Tiny,1,2,8,4,static/plots_DESKTOP-APC2VEU\road_signs_binary_run_2_DeiT-Tiny,run_dataset_DESKTOP-APC2VEU\road_signs_binary_run_2_DeiT-Tiny,1499.9270417690277,True,2
8,FedProx,16,0.9297752808988764,0.9297777635442382,0.18108328895674747,0.9303321489476123,0.9297752808988764,19,-1,-1,csv_DESKTOP-APC2VEU\runs\20260907-031245_road_signs_binary_worker_0.csv,road_signs_binary,dataset/road_signs_binary,cuda,5,direct_encrypted_update,0.05,20,224,0.0001,3,logs_DESKTOP-APC2VEU\road_signs_binary_run_0_DeiT-Tiny,DeiT-Tiny,1,2,8,2,static/plots_DESKTOP-APC2VEU\road_signs_binary_run_0_DeiT-Tiny,run_dataset_DESKTOP-APC2VEU\road_signs_binary_run_0_DeiT-Tiny,983.3847208023071,True,0
8,FedLC,16,0.9283707865168539,0.9284191618728637,0.1760245557414012,0.9289738726818796,0.9283707865168539,19,-1,-1,csv_DESKTOP-APC2VEU\runs\20260907-032733_road_signs_binary_worker_2.csv,road_signs_binary,dataset/road_signs_binary,cuda,5,direct_encrypted_update,0.0,20,224,0.0001,3,logs_DESKTOP-APC2VEU\road_signs_binary_run_2_DeiT-Tiny,DeiT-Tiny,1,2,8,2,static/plots_DESKTOP-APC2VEU\road_signs_binary_run_2_DeiT-Tiny,run_dataset_DESKTOP-APC2VEU\road_signs_binary_run_2_DeiT-Tiny,978.8255977630615,True,2
8,FedProx,16,0.9185393258426966,0.9186438685591345,0.186317739694306,0.9196821402387996,0.9185393258426966,19,-1,-1,csv_DESKTOP-APC2VEU\runs\20260907-032804_road_signs_binary_worker_1.csv,road_signs_binary,dataset/road_signs_binary,cuda,5,direct_encrypted_update,0.05,20,224,0.0001,3,logs_DESKTOP-APC2VEU\road_signs_binary_run_1_DeiT-Tiny,DeiT-Tiny,1,2,8,4,static/plots_DESKTOP-APC2VEU\road_signs_binary_run_1_DeiT-Tiny,run_dataset_DESKTOP-APC2VEU\road_signs_binary_run_1_DeiT-Tiny,1548.6719489097595,True,1
8,FedLC,16,0.9325842696629213,0.9327150394385483,0.16893527614674791,0.9337970821599576,0.9325842696629213,19,-1,-1,csv_DESKTOP-APC2VEU\runs\20260907-033835_road_signs_binary_worker_0.csv,road_signs_binary,dataset/road_signs_binary,cuda,5,direct_encrypted_update,0.0,20,224,0.0001,3,logs_DESKTOP-APC2VEU\road_signs_binary_run_0_DeiT-Tiny,DeiT-Tiny,1,2,8,4,static/plots_DESKTOP-APC2VEU\road_signs_binary_run_0_DeiT-Tiny,run_dataset_DESKTOP-APC2VEU\road_signs_binary_run_0_DeiT-Tiny,1512.539063692093,True,0
10,FedAvg,16,0.9422535211267605,0.9424769860116755,0.23229852974719623,0.9460166159735321,0.9422535211267605,18,-1,-1,csv_DESKTOP-APC2VEU\runs\20260907-034920_road_signs_binary_worker_2.csv,road_signs_binary,dataset/road_signs_binary,cuda,5,direct_encrypted_update,0.0,20,224,0.01,3,logs_DESKTOP-APC2VEU\road_signs_binary_run_2_DeiT-Tiny,DeiT-Tiny,1,2,10,2,static/plots_DESKTOP-APC2VEU\road_signs_binary_run_2_DeiT-Tiny,run_dataset_DESKTOP-APC2VEU\road_signs_binary_run_2_DeiT-Tiny,1269.4083452224731,True,2
10,FedAvg,16,0.9169014084507042,0.9155098405179665,0.4918873495619062,0.9239179528997623,0.9169014084507042,6,-1,-1,csv_DESKTOP-APC2VEU\runs\20260907-035808_road_signs_binary_worker_1.csv,road_signs_binary,dataset/road_signs_binary,cuda,5,direct_encrypted_update,0.0,20,224,0.01,3,logs_DESKTOP-APC2VEU\road_signs_binary_run_1_DeiT-Tiny,DeiT-Tiny,1,2,10,4,static/plots_DESKTOP-APC2VEU\road_signs_binary_run_1_DeiT-Tiny,run_dataset_DESKTOP-APC2VEU\road_signs_binary_run_1_DeiT-Tiny,1766.9676704406738,True,1
10,FedProx,16,0.952112676056338,0.9521388222366126,0.1637455917475089,0.9532980150865136,0.952112676056338,8,-1,-1,csv_DESKTOP-APC2VEU\runs\20260907-035841_road_signs_binary_worker_0.csv,road_signs_binary,dataset/road_signs_binary,cuda,5,direct_encrypted_update,0.05,20,224,0.01,3,logs_DESKTOP-APC2VEU\road_signs_binary_run_0_DeiT-Tiny,DeiT-Tiny,1,2,10,2,static/plots_DESKTOP-APC2VEU\road_signs_binary_run_0_DeiT-Tiny,run_dataset_DESKTOP-APC2VEU\road_signs_binary_run_0_DeiT-Tiny,1169.0407598018646,True,0
10,FedLC,16,0.9422535211267605,0.9424627895531363,0.18730600812164147,0.9460468641753217,0.9422535211267605,16,-1,-1,csv_DESKTOP-APC2VEU\runs\20260907-041809_road_signs_binary_worker_1.csv,road_signs_binary,dataset/road_signs_binary,cuda,5,direct_encrypted_update,0.0,20,224,0.01,3,logs_DESKTOP-APC2VEU\road_signs_binary_run_1_DeiT-Tiny,DeiT-Tiny,1,2,10,2,static/plots_DESKTOP-APC2VEU\road_signs_binary_run_1_DeiT-Tiny,run_dataset_DESKTOP-APC2VEU\road_signs_binary_run_1_DeiT-Tiny,1163.6313195228577,True,1
10,FedProx,16,0.9492957746478873,0.9494335799514726,0.2880465426495377,0.9509204501120537,0.9492957746478873,9,-1,-1,csv_DESKTOP-APC2VEU\runs\20260907-042012_road_signs_binary_worker_2.csv,road_signs_binary,dataset/road_signs_binary,cuda,5,direct_encrypted_update,0.05,20,224,0.01,3,logs_DESKTOP-APC2VEU\road_signs_binary_run_2_DeiT-Tiny,DeiT-Tiny,1,2,10,4,static/plots_DESKTOP-APC2VEU\road_signs_binary_run_2_DeiT-Tiny,run_dataset_DESKTOP-APC2VEU\road_signs_binary_run_2_DeiT-Tiny,1814.6738877296448,True,2
10,FedLC,16,0.9253521126760563,0.9254646660971951,0.4342107631790806,0.9265592945622219,0.9253521126760563,3,-1,-1,csv_DESKTOP-APC2VEU\runs\20260907-042842_road_signs_binary_worker_0.csv,road_signs_binary,dataset/road_signs_binary,cuda,5,direct_encrypted_update,0.0,20,224,0.01,3,logs_DESKTOP-APC2VEU\road_signs_binary_run_0_DeiT-Tiny,DeiT-Tiny,1,2,10,4,static/plots_DESKTOP-APC2VEU\road_signs_binary_run_0_DeiT-Tiny,run_dataset_DESKTOP-APC2VEU\road_signs_binary_run_0_DeiT-Tiny,1763.3446333408356,True,0
10,FedAvg,16,0.9605633802816902,0.9606298762174001,0.10120103239888509,0.9619926727232095,0.9605633802816902,15,-1,-1,csv_DESKTOP-APC2VEU\runs\20260907-043742_road_signs_binary_worker_1.csv,road_signs_binary,dataset/road_signs_binary,cuda,5,direct_encrypted_update,0.0,20,224,0.001,3,logs_DESKTOP-APC2VEU\road_signs_binary_run_1_DeiT-Tiny,DeiT-Tiny,1,2,10,2,static/plots_DESKTOP-APC2VEU\road_signs_binary_run_1_DeiT-Tiny,run_dataset_DESKTOP-APC2VEU\road_signs_binary_run_1_DeiT-Tiny,1134.770364522934,True,1
10,FedProx,16,0.9605633802816902,0.9606896631573101,0.1018574771912388,0.9635062224545365,0.9605633802816902,19,-1,-1,csv_DESKTOP-APC2VEU\runs\20260907-044858_road_signs_binary_worker_0.csv,road_signs_binary,dataset/road_signs_binary,cuda,5,direct_encrypted_update,0.05,20,224,0.001,3,logs_DESKTOP-APC2VEU\road_signs_binary_run_0_DeiT-Tiny,DeiT-Tiny,1,2,10,2,static/plots_DESKTOP-APC2VEU\road_signs_binary_run_0_DeiT-Tiny,run_dataset_DESKTOP-APC2VEU\road_signs_binary_run_0_DeiT-Tiny,1178.3489921092987,True,0
10,FedAvg,16,0.9591549295774648,0.9592248373739081,0.11785952942380289,0.9605531437530126,0.9591549295774648,15,-1,-1,csv_DESKTOP-APC2VEU\runs\20260907-045155_road_signs_binary_worker_2.csv,road_signs_binary,dataset/road_signs_binary,cuda,5,direct_encrypted_update,0.0,20,224,0.001,3,logs_DESKTOP-APC2VEU\road_signs_binary_run_2_DeiT-Tiny,DeiT-Tiny,1,2,10,4,static/plots_DESKTOP-APC2VEU\road_signs_binary_run_2_DeiT-Tiny,run_dataset_DESKTOP-APC2VEU\road_signs_binary_run_2_DeiT-Tiny,1865.2586965560913,True,2
10,FedLC,16,0.9605633802816902,0.9605657999489081,0.09677284767090434,0.9623106453903344,0.9605633802816902,17,-1,-1,csv_DESKTOP-APC2VEU\runs\20260907-050835_road_signs_binary_worker_0.csv,road_signs_binary,dataset/road_signs_binary,cuda,5,direct_encrypted_update,0.0,20,224,0.001,3,logs_DESKTOP-APC2VEU\road_signs_binary_run_0_DeiT-Tiny,DeiT-Tiny,1,2,10,2,static/plots_DESKTOP-APC2VEU\road_signs_binary_run_0_DeiT-Tiny,run_dataset_DESKTOP-APC2VEU\road_signs_binary_run_0_DeiT-Tiny,1139.3492233753204,True,0
10,FedProx,16,0.956338028169014,0.9564122306467766,0.12259704057884757,0.957965678748307,0.956338028169014,18,-1,-1,csv_DESKTOP-APC2VEU\runs\20260907-050905_road_signs_binary_worker_1.csv,road_signs_binary,dataset/road_signs_binary,cuda,5,direct_encrypted_update,0.05,20,224,0.001,3,logs_DESKTOP-APC2VEU\road_signs_binary_run_1_DeiT-Tiny,DeiT-Tiny,1,2,10,4,static/plots_DESKTOP-APC2VEU\road_signs_binary_run_1_DeiT-Tiny,run_dataset_DESKTOP-APC2VEU\road_signs_binary_run_1_DeiT-Tiny,1845.3834960460663,True,1
10,FedLC,16,0.956338028169014,0.956365111424123,0.11624260156449835,0.9576469143728471,0.956338028169014,18,-1,-1,csv_DESKTOP-APC2VEU\runs\20260907-052233_road_signs_binary_worker_2.csv,road_signs_binary,dataset/road_signs_binary,cuda,5,direct_encrypted_update,0.0,20,224,0.001,3,logs_DESKTOP-APC2VEU\road_signs_binary_run_2_DeiT-Tiny,DeiT-Tiny,1,2,10,4,static/plots_DESKTOP-APC2VEU\road_signs_binary_run_2_DeiT-Tiny,run_dataset_DESKTOP-APC2VEU\road_signs_binary_run_2_DeiT-Tiny,1800.6734838485718,True,2
10,FedAvg,16,0.9338028169014084,0.9339767213226557,0.15162142338887066,0.9360947475615813,0.9338028169014084,19,-1,-1,csv_DESKTOP-APC2VEU\runs\20260907-052850_road_signs_binary_worker_0.csv,road_signs_binary,dataset/road_signs_binary,cuda,5,direct_encrypted_update,0.0,20,224,0.0001,3,logs_DESKTOP-APC2VEU\road_signs_binary_run_0_DeiT-Tiny,DeiT-Tiny,1,2,10,2,static/plots_DESKTOP-APC2VEU\road_signs_binary_run_0_DeiT-Tiny,run_dataset_DESKTOP-APC2VEU\road_signs_binary_run_0_DeiT-Tiny,1177.4704446792603,True,0
10,FedAvg,16,0.9352112676056338,0.9353484448082519,0.15143164102984985,0.9371660464946918,0.9352112676056338,18,-1,-1,csv_DESKTOP-APC2VEU\runs\20260907-053926_road_signs_binary_worker_1.csv,road_signs_binary,dataset/road_signs_binary,cuda,5,direct_encrypted_update,0.0,20,224,0.0001,3,logs_DESKTOP-APC2VEU\road_signs_binary_run_1_DeiT-Tiny,DeiT-Tiny,1,2,10,4,static/plots_DESKTOP-APC2VEU\road_signs_binary_run_1_DeiT-Tiny,run_dataset_DESKTOP-APC2VEU\road_signs_binary_run_1_DeiT-Tiny,1783.7794723510742,True,1
10,FedProx,16,0.9323943661971831,0.9325016463601373,0.15888947234816955,0.9346479082104431,0.9323943661971831,19,-1,-1,csv_DESKTOP-APC2VEU\runs\20260907-054420_road_signs_binary_worker_2.csv,road_signs_binary,dataset/road_signs_binary,cuda,5,direct_encrypted_update,0.05,20,224,0.0001,3,logs_DESKTOP-APC2VEU\road_signs_binary_run_2_DeiT-Tiny,DeiT-Tiny,1,2,10,2,static/plots_DESKTOP-APC2VEU\road_signs_binary_run_2_DeiT-Tiny,run_dataset_DESKTOP-APC2VEU\road_signs_binary_run_2_DeiT-Tiny,1253.9433071613312,True,2
10,FedProx,16,0.9309859154929577,0.9310605323087793,0.15241706070136016,0.9327917448279461,0.9309859154929577,18,-1,-1,csv_DESKTOP-APC2VEU\runs\20260907-055941_road_signs_binary_worker_0.csv,road_signs_binary,dataset/road_signs_binary,cuda,5,direct_encrypted_update,0.05,20,224,0.0001,3,logs_DESKTOP-APC2VEU\road_signs_binary_run_0_DeiT-Tiny,DeiT-Tiny,1,2,10,4,static/plots_DESKTOP-APC2VEU\road_signs_binary_run_0_DeiT-Tiny,run_dataset_DESKTOP-APC2VEU\road_signs_binary_run_0_DeiT-Tiny,1812.6590173244476,True,0
10,FedLC,16,0.9394366197183098,0.9395688351980308,0.15080525431729538,0.9418747740461452,0.9394366197183098,19,-1,-1,csv_DESKTOP-APC2VEU\runs\20260907-055941_road_signs_binary_worker_1.csv,road_signs_binary,dataset/road_signs_binary,cuda,5,direct_encrypted_update,0.0,20,224,0.0001,3,logs_DESKTOP-APC2VEU\road_signs_binary_run_1_DeiT-Tiny,DeiT-Tiny,1,2,10,2,static/plots_DESKTOP-APC2VEU\road_signs_binary_run_1_DeiT-Tiny,run_dataset_DESKTOP-APC2VEU\road_signs_binary_run_1_DeiT-Tiny,1176.6770415306091,True,1
10,FedLC,16,0.9366197183098591,0.9367813446271693,0.13825218083835403,0.9396565545427039,0.9366197183098591,19,-1,-1,csv_DESKTOP-APC2VEU\runs\20260907-061312_road_signs_binary_worker_2.csv,road_signs_binary,dataset/road_signs_binary,cuda,5,direct_encrypted_update,0.0,20,224,0.0001,3,logs_DESKTOP-APC2VEU\road_signs_binary_run_2_DeiT-Tiny,DeiT-Tiny,1,2,10,4,static/plots_DESKTOP-APC2VEU\road_signs_binary_run_2_DeiT-Tiny,run_dataset_DESKTOP-APC2VEU\road_signs_binary_run_2_DeiT-Tiny,1694.907496213913,True,2
